プロローグ,楽天家ゲルト,村人,人狼なんているわけないじゃん。みんな大げさだなあ
プロローグ,羊飼いカタリナ,村人,おはようございます。お邪魔しますね。
プロローグ,旅人ニコラス,村人,おはおはー...ん？宿屋で一眠りしようと思ったら誰もいないけど、これ勝手に寝てていいかな？？ま、たぶんおっけーだね！［...は毛布にばふんっ］
プロローグ,村娘パメラ,狂人,こんにちは。ご機嫌いかが？
プロローグ,ならず者ディーター,霊能者,邪魔するでぇ
プロローグ,旅人ニコラス,村人, おはよー(目ごしごし)来たときは気づかなかったけど、僕より前にゲルトとカタリナもういたんだね新しくきたパメラとディーターもよろしくねーところで、宿のお金は払わなくていいのかな？だったら僕、旅なんかせずにずっとここでごろごろしてたいなー！
プロローグ,羊飼いカタリナ,村人,めぇ◎(・（×）・)◎ノみなさんこにちわープロ議題拾ってきためぇ、暇があれば回答してみるといいと思うよー議題■1.コアタイム■2.仮/本決定の希望時間■3.やりたいこと/やりたくないこと■4.自己紹介
プロローグ,旅人ニコラス,村人,カタリナありがとうー□1. 平日の日中は、森や原っぱで散歩とか日向ぼっこしてるからいないかなー夜8時には帰ってくるよ！ 休日はお布団でゴロゴロしてるから、平日よりは顔出せると思うよ！！□2. 23:15/23:45とかかな？□3. わいわい楽しく！/村の決まりは守って欲しいな！
プロローグ,旅人ニコラス,村人,□4. お布団大好きなニコラスだよ。アルビンが来たら、今までの僕の旅の経験を生かして、最高の枕と毛布を開発して村の皆に売りつ...、は、販売したいなー！ で、がっぽり稼いで遊んで暮らすんだーところでカタリナ、僕の布団に、カタリナが飼ってる羊の毛を使うっていうのはどうかなー？もふもふで気持ちよさそうだと思うんだよねー！...ただ毛を刈っちゃったら羊さん寒いかな？
プロローグ,村娘パメラ,狂人,議題ありがとう！□1,基本的には夜が中心になると思うわ。来られたらそれ以外でも。□2,仮23:15/本23:45□3,みんなで楽しく/愛のない殴り合い□4,花も恥じらうお年頃なパメラよ。鳩を飼っているわ。
プロローグ,羊飼いカタリナ,村人,>>9 ニコラス安心してください、(羊毛のストック沢山)あります。その中でも特にふわふわなメェの毛をどうぞー！私の取り分どれくらいかなー期待してるのー(ちゃっかり)
プロローグ,羊飼いカタリナ,村人,議題置いた本人が回答してなかったー■1.不定期だけど、たぶん夜が多いかな■2. 2315/2345 ■3.煽りや暴言なしの健全プレー村にしたい！■4.カタリナ時々羊のメェです◎(・（×）・)◎ノ人狼騒ぎの中でもまったりしていたい…
プロローグ,羊飼いカタリナ,村人,パメらんもディータもよろしくね羊ちゃんがどこからか見つけてきた紙があったので置いておくね[よく見かける略号など］▼:吊り第一希望 ▽:吊り第二希望●:占い第一希望 ○:占い第二希望■:議題 □:ネタ議題 【 】:強調したい事柄（CO等）★:質問 ☆:★への返答＠数字：残りの喉数（発言数）**：離席
プロローグ,神父ジムゾン,占い師,教会から派遣されたが、盆地じゃ夏暑くて冬寒いから辛いな
プロローグ,神父ジムゾン,占い師,■1.鳩使用メインにポツポツといます■2.23:30/24:00■3.特になし■4.派遣期間が終わったら、俺、国に帰るんだ…
プロローグ,羊飼いカタリナ,村人,>>15神父そんは生きて帰れない(確信)
プロローグ,旅人ニコラス,村人,もー>>16見てつい笑っちゃったよ！僕も神父さんが生きて帰れないに10万ゲルト！！！
プロローグ,旅人ニコラス,村人,カタリナ>>11さ、流石カタリナ！(ぱぁあああ)こんなふわふわもこもこの羊の毛が一杯...！取り分はね、今考えてるのはアルビンと僕とカタリナで1:1:1でどうかな？神父さん>>14そんなあなたにピッタリ！近日発売予定の羊毛布団！夏は涼しく冬はあったかのもこもこ素材！！ 枕とセットで、あなたに快眠を届けます！！！
プロローグ,負傷兵シモン,狩人,………邪魔するよ。
プロローグ,羊飼いカタリナ,村人,シモンこんばんは！ニコラス>>18普通に気前がいいのね！問題はアルビンが来てくれるかどうかなのだけども。っていうか旅人のはずが神父さん相手に商人やってるじゃない。…はっ！これが緑の血…？
プロローグ,負傷兵シモン,狩人,■1.コアタイムうちの鳩は林檎と林檎6号でね、まぁ大体いるんじゃないか■2.仮/本決定の希望時間2315/2345■3.やりたいこと/やりたくないこと全身全力/非道な行為■4.自己紹介他国で戦争して、まぁ、なんだ………見事に不良品よ
プロローグ,神父ジムゾン,占い師,>>18じゃあ出世払いで１セット
プロローグ,神父ジムゾン,占い師,出世払い契約にすることで、生きて帰れる方に賭けてもらえないかなと考える
プロローグ,負傷兵シモン,狩人,>>20 カタリナおー、こんばんは。って今日も羊油の匂いが強いのな、腹減ってきたわ>>23ジムゾンよう。俺はウォトカ6ダースな、もちろん帰れねぇ方。
プロローグ,旅人ニコラス,村人,シモン>>19もしかして怪我してるの？...だったら！今開発中の羽毛布団はどうですか？ 最高級のふわふわな羊毛を使用しているから、寝心地は最高！よく寝れば傷も早く治るでしょう！！どうですか？(ニコニコ)
プロローグ,旅人ニコラス,村人,カタリナ>>20僕は、商売は公平にやりたいからね！皆がいてこその商売だしねー。アルビン早く来ないかなーかなり売れそうな気がするんだよね。ほ、ほんとだ！気づいたら商売してたよ！緑族の血って怖いね...。
プロローグ,旅人ニコラス,村人,神父さん>>22>>23おお！予約ありがとう、まいどあり〜.....まあじゃあ仕方ないから、生き残れないほうに100万ゲルト
プロローグ,負傷兵シモン,狩人,>>25 ニコラス携行できる寝袋のとかあれば買うそーだな、寝ればなんとかなる………足生えるまで何日かかるんだろうな………5日ぐらいか？
プロローグ,負傷兵シモン,狩人,>>27 ニコラスくくくっ、変わってないぞーオイ
プロローグ,旅人ニコラス,村人,シモン>>28>>29あ、足！？ と、とりあえず寝袋型も開発させてもらうね！早く治るといいんだけどねここだけの話、神父さんが生きて帰ってくるほうにはどうしても賭けられなかったんだよね(苦笑)
プロローグ,神父ジムゾン,占い師,>>27お前が死んでも払わなくて済むので狙い通り
プロローグ,神父ジムゾン,占い師,人が揃ったらまた来るよ
プロローグ,村長ヴァルター,村人,ﾀﾀｯﾀｰﾀﾀﾀ ﾀﾀﾀﾀｰ　YO!ﾀﾀｯﾀｰﾀﾀﾀﾀﾀｰ　YO!Let's go 村長！
プロローグ,村長ヴァルター,村人,やぁ、待ったかい？みんな大好き村長の到着だよ
プロローグ,村長ヴァルター,村人,カタリナくん、議題をありがとう。さっそく答えておこうじゃないか！■1：20～25時■2：23:15/23:45■3：みんなが楽しめる村にしたいな/議論で熱くなることもあるだろうが、怒ったりせずに冷静に。■4：この村の人気者、頼れる村長とは私のことだ！うむ、こんなものかな。
プロローグ,少女リーザ,人狼,お邪魔しまーす！皆さんこんばんは。
プロローグ,少女リーザ,人狼,議題答えますね■1：19:00あたりから25:00■2：23:15から23:45の間■3：楽しんで議論■4：将来の夢は都会でケーキ屋さんをひらくことなのです
プロローグ,羊飼いカタリナ,村人,村長って誰かめぇ…？餌くれる人かめぇ…？◎(・（×）・)◎
プロローグ,羊飼いカタリナ,村人,リザちゃんいらっしゃいめぇ◎(・（×）・)◎ノ夢がかわいい！！めぇ～
プロローグ,少女リーザ,人狼,>>39ありがとーございます！お姉さんは羊飼いなんですね羊さんもこもこかわいい…
プロローグ,羊飼いカタリナ,村人,兵>>24うちにはラムもマトンもありませんよ…！旅>>26ニコラス…良い人すぎる！でも商売人としてはどうなのかしら…アルビン来たら◎(つ・（×）・(-ω-*)モフモフしてあげようっと
プロローグ,羊飼いカタリナ,村人,>>40リザちゃんの方がかわいい◎(つ・（×）・(-ω-*)ﾓﾌﾓﾌ
プロローグ,旅人ニコラス,村人,神父さん>>31なんと、最初から買わないつもりだったのかーこれは一刻も早くアルビンに来てもらって、開発に着手するしかないね！村長>>35へーい、この村の人気者の村長！今この村で、ふわふわ最高級の羊毛布団が流行ってるんだけど、1セット買って流行に乗らない？どうどう？
プロローグ,少女リーザ,人狼,ﾓﾌﾓﾌ気持ちいい　えへへーところでゲルトさんのいってた「じんろう」ってなんなんだろう誰か知ってる人いますか？
プロローグ,旅人ニコラス,村人,リーザちゃん>>37リーザちゃん！僕ね、今羊さんのもこもこ布団を売って回ってるんだけど、リーザちゃんもどうかな？ このお布団はぐっすり寝られるから、夢でケーキ屋さんになれるかもしれないよ！正夢にするためにも1つどう？お金は、お父さんお母さんにおねだりすれば...買って貰えると思うよ！カタリナ>>41まだ、商売に慣れてないからかなーやっぱり本業のアルビンのほうがこういう計算はうまそうだよね
プロローグ,旅人ニコラス,村人,リーザちゃん>>44え？じんろう？？お布団のことで必死だったから分かんないや。
プロローグ,少女リーザ,人狼,>>45お父さんとお母さんは…　な、なんでもないの！お布団、かってみようかな旅人のお兄さんも知らない生き物…　ちょっとこわい
プロローグ,村長ヴァルター,村人,>>38村長っていうのは、この村で一番偉い人なのだよ！>>43ニコラスくん、その布団に不備があったら大変だ。村のみんなが使う前に、私が問題ないか確かめようじゃないか！さあ、試供品を渡したまえ。
プロローグ,少女リーザ,人狼,>>48そんちょーさんはえらいんですね！でもお布団を先に使うのはずるいと思うのです
プロローグ,村長ヴァルター,村人,>>49うむ、子どもは村の宝だからね。リーザちゃんには先に布団を使わせてあげようじゃないか！大丈夫、私は紳士だからね。変なことは考えていないよ。
プロローグ,少女リーザ,人狼,>>50！！いいのですか！？ ありがとーございます！って変なこと…？
プロローグ,村長ヴァルター,村人,>>50リーザちゃんはね、純粋なままでいてほしいね。ところでシモンくんが足がはえるとか言ってるけど、彼は化物なのかい？
プロローグ,村長ヴァルター,村人,間違って自分自身にアンカ飛ばしているじゃないか！村長たる者がなんたる失態！
プロローグ,旅人ニコラス,村人,リーザちゃん>>47うん？？ あ、買ってくれるの？ありがとう！リーザちゃんには枕サービスでつけておくね、約束！じんろうがどんなやつでも、僕がリーザちゃんを守ってあげるから大丈夫だよ！後じんろうとは関係ないけど、村長にも少し気をつけたほうがいいかもね...僕心配だよ村長>>48た、確かに村の皆に何かあったら困るな...試供品が出来次第、村長に届けるよ
プロローグ,少女リーザ,人狼,>>52はい！よくわからないけど純粋でいます！このまえ読んだ本に足がはえてくる人がいた気がしますだから　シモンさんもきっと足がはえるんじゃないでしょうか
プロローグ,村長ヴァルター,村人,>>54うむ、感心感心。村のみんなからはちゃんとお金とっていいからね。でもリーザちゃんには安めにしてあげてもいいと思うよ。>>55リーザちゃんは良い子だねぇ。シモンくんが化物だったとしても、村のみんなに危害を加えない限り、受け入れようじゃないか！村長の度量が伺えるね。
プロローグ,旅人ニコラス,村人,アルビン遅いし、僕の商売文句も中々板についてきたから、自分で加工して布団売ろうかな...予約も増えてきたし試供品は、村の皆に回す形で試してもらって、それから注文を聞こうかな。やっぱり寝てみないと分からないもんねーただ、男性用と女性用は分けようかなー村長みたいな人がいるかもしれないし！
プロローグ,少女リーザ,人狼,>>54わーい！　やった、ありがとーございますそんちょーさんはえらいの？　それともこわいの？うーん…　一応気をつけますね
プロローグ,旅人ニコラス,村人,村長>>56あ、試供品は回収するつもりですよ、これでも商売人の端くれだからね(にっこり)リーザちゃんとかこどもたちは、キッズサイズで小さめの布団にして値段も大人の半額にするつもりだよ
プロローグ,旅人ニコラス,村人,じゃ僕は、布団つくってくるよ数個できたら帰ってくるね〜**
プロローグ,村長ヴァルター,村人,>>58村長はね、偉いけど、怖くはないよ。だから安心してね。>>59けしからん！私は村長なんだよ、お布団の1つや2つくらい、くれたっていいじゃないか！
プロローグ,村娘パメラ,狂人,職権乱用する村長がいると聞いて……。これは解任もありうるのかしら。なんてね。
プロローグ,村長ヴァルター,村人,>>62わ、私の家系はね、代々この村の村長だからね！か、解任とか、ないからね！ニコラスくんに、パメラちゃんには割引しておくように言っておくから！
プロローグ,司書クララ,村人,こんばんは。お休みなさい。
プロローグ,村長ヴァルター,村人,クララくん、こんばんは。10人目がきたということは今日開始じゃないか。どうせならもっときてほしいね！
プロローグ,村長ヴァルター,村人,さあさあ、今見てる人がいたら入村していかないかい！今なら、「みんな大好き村長のブロマイド」と「最高級羊糸布団」をプレゼントだ！
プロローグ,旅人ニコラス,村人,パメラ>>62僕と手を組んで、村長解任に持ち込もうこれは村長にのっかっとくよ！是非とも今からのズサーが欲しい！
プロローグ,シスターフリーデル,人狼,初めてだけどよろしくね
プロローグ,村長ヴァルター,村人,うおおおお！フリーデルくん、きてくれてよかったよ！さあ、私のブロマイドと羊毛布団をあげよう。羊毛布団はオマケみたいなものだけど、品質は素晴らしいよ。
プロローグ,パン屋オットー,村人,こんばんは。パンを焼いていたらこんな時間になってしまいました。
プロローグ,村長ヴァルター,村人,どうせなら13人以上を目指したいところだね。他にも見ている人がいるのなら、じゃんじゃん入村してくれたまえ！
プロローグ,少女リーザ,人狼,クララさん、シスターさん、オットーさん　いらっしゃいませ！
プロローグ,村娘パメラ,狂人,>>67 ニコラスうふふ……次の村長の座には誰がつくのかしら。人も増えてきたわね。仲良くしてもらいたいわ。
プロローグ,村長ヴァルター,村人,オットーくん、こんばんは。私はがんばって入村を呼びかけておくから、美味しいパンくれないかい？
プロローグ,旅人ニコラス,村人,フリーデルにオットー！ありがとう！！これは皆には内緒だけど、羊毛布団安くしとくよーさぁ！今ズサれば村の皆から感謝されること間違いなし！羊毛布団もお値打ちに！そこの君どうですか？
プロローグ,シスターフリーデル,人狼,そうですねブロマイドは一枚あたり500ゴールドの寄付金で供養して差し上げますわ羊毛布団は旅人の方用のものとしてありがたく受けとりますわ
プロローグ,シスターフリーデル,人狼,軽く自己紹介しておきますわ私はこのG国村には初めての参戦ですけれど、x国で長期をつんできていますわco方法なんかのセオリーの違いもあるかもしれないのだけれど、その違いはどうにか許してもらえると幸いですわ
プロローグ,村長ヴァルター,村人,フ、フリーデルくん、私は生きてるから供養は必要ないよ。それより、枕の下に入れて寝てみるのはどうかね？いい夢を見られそうだ。さあ、見ている人がいれば参加しようじゃないか！みんなで楽しい村を作っていきたいぞ！
プロローグ,シスターフリーデル,人狼,ブロマイドに使われた紙などの供養をするのですわ
プロローグ,村長ヴァルター,村人,>>77初心者村1日目だから、おそらく今いる人はみんなベテランではないだろうし、のんびり楽しくやっていきたいね。
プロローグ,行商人アルビン,人狼,ずさー二一天作の五(割り算の九九)正義のそろばんがうなるよ!
プロローグ,村長ヴァルター,村人,うおおおお！13人目きた！アルビンくん、良いお酒があったらくれないかい？
プロローグ,少年ペーター,村人,えーっと、えーっと、えーっと！よろしくお願いしますっ！！！
プロローグ,シスターフリーデル,人狼,>>80それには賛成ですわ他国では50ほどしていますけれども、まだまだ精進不足ですしなによりセオリーの違いなどもありますのでお手柔らかにお願いしますわ対戦楽しみにしておりますわ
プロローグ,村長ヴァルター,村人,す、すごく増えていくじゃないか！村長びっくりだよ。やはりこれは私が人気者、そういうことでいいんじゃないかい？ところで村長＠１で喉枯れだよ。
プロローグ,シスターフリーデル,人狼,いえ、多分村長さんの人気もいうよりかは、私の美貌ですわ(真顔)
プロローグ,パン屋オットー,村人,村長>>74ちょうどメロンパンが焼きたてなのです。良かったらどうぞ！ニコラス>>75羊毛布団、ぐっすり眠れそうですね。ぜひ譲っていただきたいです。
プロローグ,少女リーザ,人狼,アルビンさん、ペーター君　こんばんはー16人いけないかな…　（ﾁﾗｯﾁﾗ
プロローグ,少年ペーター,村人,□1.えーっと、不定期ですごめんなさいm(__)m□2.仮は2300、本は2330が良いかなぁ□3.〈やりたいこと〉頑張ること！〈やりたく無いこと〉
プロローグ,少年ペーター,村人,□4.えーっと、ペーターですG国は昔に一回やったことがあって、普段はX国でやってるから、いろいろ違うところがあると思うけど、どうかよろしくお願いしますっ！
プロローグ,シスターフリーデル,人狼,そういえばここって発言禁止時間とかはあるのですか？
プロローグ,少年ペーター,村人,あぁっ！やりたく無いことは勉強することですっ！というか真面目に答えようやりたいことは村に貢献するために努力をする。やりたく無いことはステになることです
プロローグ,旅人ニコラス,村人,フリーデルは他の国の人かな？もうチェック済みかもしれないけど、ここを読んでおくといいとおもうよ！http://wolfbbs.jp/ちなみに発言禁止はないよーアルビン！やっと来てくれたね、羊毛布団もうつくり始めちゃったよ！ペーターくんもよろしく！！後2人埋まるとすごく嬉しい！この村に参加するのはそこの君だ！オットー>>87おっけー！出来次第届けさせて貰うよ喉枯れたけど突っ走った@0
プロローグ,シスターフリーデル,人狼,ああ、おんなじx国から来てくれるとは！知り合いかどうかはわかりませんが、ただ、やはり私の美貌のお陰で入村が伸びているのですわ！
プロローグ,パン屋オットー,村人,遅くなりましたが回答しますね。■1.コアタイム21時〜25時■2.仮/本決定の希望時間2315/2345■3.やりたいこと/やりたくないこと楽しく！/あまり怒らないでね■4.自己紹介日中はほぼパンを焼いています。ちょっととろいですが、仲良くしてください。
プロローグ,行商人アルビン,人狼,村長>>82 エールとぶどう酒の樽なら■1.20:00 - 24:00 くらい■2.23:15/23:45 くらい■3.RP重視でいけるかな?
プロローグ,村長ヴァルター,村人,さあ、あと2分かな。見ている人がいたら是非入村してくれたまえ！みんなで楽しい村を作ろうじゃないか！みなさん、楽しく良い勝負にしましょう！
1日目,楽天家ゲルト,村人,ふぁーあ……ねむいな……寝てていい？
1日目,少女リーザ,人狼,よろしくおねがいします！
1日目,シスターフリーデル,人狼,面倒なので議題回答スルーしますわ特にこれといった希望やコアタイムはありませんしね
1日目,旅人ニコラス,村人,【非占】とりあえず回すよ、1週間皆よろしくね
1日目,少年ペーター,村人,おはようございますよろしくお願いします！co方法って希望したほうが良いんですかね？
1日目,シスターフリーデル,人狼,【占霊非対抗】ですわ私は、こっちではどうかは知りませんが、潜伏霊占どちらも認めませんわ回避coは騎士は状況を見ながらお願いしたいわ占いは許容しませんわ
1日目,村長ヴァルター,村人,さあ、みんなよろしくね。テンプレ議題をおいておくよ。■1．まとめ役について■2．能力者COについて■3．回避COについて■4．占い方針についてもう宣言回っているし、私も回しておこうかな。私は人気者なだけで、占いの力などはないのだよ。【非占】
1日目,羊飼いカタリナ,村人,おぱよう目覚ましで起きたよ【非占非霊】FO希望ですよー
1日目,負傷兵シモン,狩人,うわ、寝過ごしたぜ。あー腹減ったなぁ………肉ないのか。【非占】各白か役職まとめよろしくFO希望狩人についてはお任せあとなんかあったか？まぁ、傷も痛むし寝ないと足生え替わらんからおやすみ。
1日目,村娘パメラ,狂人,おはよう。【わたしは占い師】よ。
1日目,シスターフリーデル,人狼,ああ、うっかり進行に関して書き忘れていましたわね確定占>>確定霊>>確定白>>民意を希望しますわまた、民意は個人的には投票ポイント制がいいと思いますわとりあえずそんなところですわね
1日目,村長ヴァルター,村人,そしてセルフ回答だ。■1：確霊＞確白■2：FO希望だ■3：狩人は回避CO推奨■4：わかりやすく統一希望だもう霊宣言もまわしておくか。私は人気者だが、残念ながら霊能力はないのだ。【非霊】
1日目,少年ペーター,村人,□1.確定役職>確白>立候補立候補の場合はその人で良いか全員に聞いて反対が一人でも出たら取り消しというか進行役じゃないよね？これ□2.初日FOが良いかな、やりやすいし□3.回避coは狩人以外許さない、かな□4.自由に占って欲しいかな、噛み先占い嫌だし
1日目,パン屋オットー,村人,とりあえず、【非占非霊】です。なんせただのパン屋ですからね。
1日目,村娘パメラ,狂人,■1,確霊もしくは確白■2,FO希望■3,狩人本人にまかせるわ■4,村の総意に従うつもりよ
1日目,少年ペーター,村人,あ、追記！確定役職の中身は、確占>確霊【非占非霊】でパメラのcoで1-0把握
1日目,神父ジムゾン,占い師,人集まってた。よろしく。俺【占い師】だったみたい。これは生きて帰れそうにないな(笑)
1日目,行商人アルビン,人狼,そろばんから水晶球に持ち替えなきゃいけないみたいです【占co】
1日目,旅人ニコラス,村人,うん、まぁFOの流れだね【非霊】□1．確白□2．占いの数によって霊潜伏でも良かったけどね、まぁ終わったことだね□3．任せるよ□4．また考えるけど、状況次第かな
1日目,羊飼いカタリナ,村人,14人村14-13>11>9>7>5>4or3>ep6縄4人外、吊りミス2回までですねそんちょの議題に答えるよ■1．確能＞確白■2．初心者村だし分かりやすくFOで早く陣形固定しましょう■3    狩人の占い回避は任せるけど、吊り回避はお願いしたいな■4．陣形にもよるけど、基本的に統一占いで黒狙い。わかりやすくね
1日目,シスターフリーデル,人狼,3-0まで把握しましたわcoタイミングはパメラさん単独からジムゾンさんとアルビンさんのほぼ同時の2、3coって感じですわね個人的に、上司のアルビンさんには部下として権限もってほしくないから偽であってほしいですわね今のところタイミングでもこれといってないですし、そんなところですわ
1日目,少年ペーター,村人,え、えーっと、3ー0把握ですあと希望されるなら非対抗表作りますが・・・いりますか？
1日目,神父ジムゾン,占い師,■1.まかせる■2.FO■3.まかせる■4.指定してくれた方がラクだけど、それは無いよなという所だと変えるかもしれない
1日目,シスターフリーデル,人狼,そうですね3-0になったいじょう、多分霊は確定するんでしょうし、吊り希望だしておきますわ私は灰吊りを希望しておきますわどこをつりたいとかはまだありませんけどもロラより灰吊りを希望する理由は伏せておきますけれど、話すべき時が来て、そのときまだ私が生きていれば必ずお話いたしますわどうしても早く話してほしい場合はその代金として占いの確固たる偽要素を持ってきなさいね
1日目,少女リーザ,人狼,【非占非霊】です■1．確霊か確白■2.FO■3．任せます■4．今のところ統一希望
1日目,村長ヴァルター,村人,3-0確認。私としては、残りの2人がきて陣形確定するまで発言は温存しておきたいな。フリーデルくん、落ち着きたまえ。今日は占いだけで吊りは明日からなのだよ。
1日目,シスターフリーデル,人狼,シスターちゃん眠いんで村長さんに渡された布団じゃなくて、カタリナちゃんのところの羊毛で出来たお布団で枕の下には、村長さんみたいなむさいおっさんじゃなくて、リーザちゃんやクララちゃんみたいな可愛い女の子の隠し撮りブロマイドをしいて眠りますわお休みなさい**
1日目,神父ジムゾン,占い師,【霊じゃない】とりあえずは、村の権力者らしい村長にセットしておこう。就寝。
1日目,シスターフリーデル,人狼,ああ、gでは、そうなのでしたっけ？まぁ、どうせ代わらないですし、明日黒でなければ普通に灰吊りを希望しておきますわそれでは本当にお休みなさい
1日目,行商人アルビン,人狼,【娘と神の対抗co確認】です占いは初日は統一がいいんでしょうか?早く狼を占いたい所ですが見分ける自信全然ありません…
1日目,羊飼いカタリナ,村人,3-0把握してるよー。これは3-1になるのかなーペタ君>>119やってくれたら有り難いけど、確霊しそうだから、無理にしなくても確霊に任せちゃっても良いと思うよ～フリーデルはまだ始まったばかりなのに明日の灰吊り希望とか気が早いですね...とか思っちゃった私は皆の様子を見て決めたいな余りにも寡黙が多いとかだったら灰の直吊り希望するし、占い真切れるような人がいれば初手占いロラ提案すると思う
1日目,少女リーザ,人狼,3-0把握ですすみません、寝てきます　おやすみなさい**
1日目,旅人ニコラス,村人,僕今日夜の8時くらいにしか来れないから、ちょっと無駄喉だけどいろいろ質問とかくだらないこと喋っとくねーとりあえず陣形ね。3-0か、ここにいる人は非占霊回しただろうから後の2人のどちらかが霊だろうけど、者霊なら凸がありそうだからかなり心配なんだけど...とりあえず村の皆は、霊に任せればいいやじゃなくて3-0のままとか3-1凸1も視野に入れておいて欲しい。この話に喉割く必要無かったかな...(苦笑
1日目,旅人ニコラス,村人,>>108尼>>113年★占確はほぼないと思うんだけど、まとめ役に確占あげたのはなんで？なんとなくならそれで構わないよ追加で>>108尼フリは個人的な感想だと、自分の中ではっきりとした考えがある印象なんだけど、それに絡めて2つ質問★民意になったときpt制だと狼陣営の操作が入ると思うんだけど、それについてはどう考えてる？もしptになったとき、フリはptが1番多い人が吊り先でいいっていう考え
1日目,旅人ニコラス,村人,え？★これ個人的な興味入ってるけど、フリはまとめの独断ってどう思う？>>121尼は伏せる理由は見当たらないけど聞いても答えてくれ無そうだから、っていう独り言。羊>>117★分かり易くっていう気持ちは分かったけど、リナ個人の好みや意見も聞きたいな。>>128★リナは初日から占の真切れる人？
1日目,旅人ニコラス,村人,年>>110★この村で自由占だと、皆混乱しないかな？年は自由占の情報量でも上手くやれそう？商>>127★アルはどういう占い方がしたい？ついでに>>娘★上とと同じ質問ちなみに僕は、どっちも捨てがたい。統一は確定情報が落ちるけど、占い師の思考が見えない。でも、狼陣営が操作しにくいのは統一だと思う。自由は占い師の思考は見えるけど、偽黒は出しやすいと思うし確定情報は落ちない。
1日目,旅人ニコラス,村人,特に狂人なんかは、自由のほうが動きやすいイメージ。後これは個人の自由だけど、20喉しかないから喉を大切に使って欲しいな。そのほうがきっと自分の色を周りに伝えられると思うからこの質問無駄じゃ？って思う人いるかもしれないけど、人物像考察とかやってみたいので、良かったら回答お願いします。何答えたら分かんない時はそう伝えてくれればおっけー思ったこと素直に書けばいいと思う。じゃまた夜に、おやすみ**
1日目,村娘パメラ,狂人,旅>>1333COで自由だと混乱が大きくなりそうだし、統一のほうがいいように思うわ。今のところ村の意見も統一寄りに見えるし。神には訊かなくていいのかしら？お布団ぬくぬく**
1日目,少年ペーター,村人,実は起きてた少年ペーター降☆臨>>131>>133旅☆両方の質問に当てはまるんだけど、3-0なんて全く考えてなかったですよね・・・と言うわけで、訂正しますっ確占はほぼ不可能なのでまとめ役は出来れば確霊にお任せします！また占い方針は今日は指定占い、明日からは出来ればゾーン占いなるものを希望したいです！ゾーン占いって言うのは何人か指定してその中から占いに自由に占ってもらう占い方です！
1日目,少年ペーター,村人,そうすれば噛み先占いは少なくなるしパンダや確白確黒が生まれやすくなると思うんですがどうでしょうか！因みに今日指定占いを希望するのは今日は噛み先占いの可能性が無いからですそれでは、多分寝ますね、おやすみなさい**
1日目,旅人ニコラス,村人,ごめん僕、今日夜8時からこれるとか言ったけど、アレは嘘なんだ。上手くいけば5時〜8時顔出せるけど、10時になるかもしれないー(しょぼん)娘>>135神は議題で占方針答えてたからねー僕も羊毛お布団からぬくぬくー年>>136回答ありがとうー★どういう陣形想定してたかな？ゾーンは狐入り編成のときの占方法だから、それなら自由の方がいいかなー？噛み先占はそこまで懸念する必要ないと思うよ理由いるかな？
1日目,羊飼いカタリナ,村人,ニコラス流星群すごぃ旅>>132☆FO統一占好み。霊潜伏は、①皆が遺言COに対応できないと霊盲信できない②霊が●▼に当たると決定周りがゴタつく③霊2COになると占霊全ロラするには吊り縄足りなくなる。以上からめんどいんでFO希望。自由占の処理法わからない。ライン見るの？私は3-1なら特に統一で確定情報落としてそこ起点に考察したい。けど3-2になったり、占い抜きされたら自由に希望変えるかも
1日目,羊飼いカタリナ,村人,旅>>132☆2.誤爆とか凄い視点漏れがなければまず切れない。>>128は例え話。故に、2d占い結果が斑にならなければ、私もたぶん灰吊り希望するあとニコラス、気持ちはわかるけど凸の話出すには早すぎる気が。プロの雑談苦手な人とかもいるだろうしんま霊にまとめお任せ思考はやめる。でも灰はまとめより思考開示に喉割いてほしい。まとめでは色見えないし、喉稼ぎしてるようにも見えるから
1日目,羊飼いカタリナ,村人,霊にお任せやめるって言っちゃったんで、決定時間だけでも先に決めときましょう。プロ議題見たら【仮決定23:15/本決定23:45】の希望が圧倒的に多かったんで、出来ればコレでいいんじゃない？と私は思ってるけど、神父さんとペータ君が違う希望だった。２人が対応できなさそうなら変える必要あるかな神年★仮23:15/本23:45には対応できますか？
1日目,羊飼いカタリナ,村人,占いは、COタイミングから全員赤窓で相談できる時間はあったと思うので、狼２騙りはほぼ無いと見て、占い内訳は真狂狼で考えてくね。あとニコラスは戦略の知識ありそうだし議論回してくれそうなので、ここ初回占いは外したいなと思ってるよーとりまそれだけ置いて寝るおやすみ**
1日目,行商人アルビン,人狼,おはようございます旅>>133☆狼センサーに自信があればピンポイントで選べる自由がいいんでしょうが、私のセンサーはかなりポンコツなので占い先が指定される統一の方が気は楽ですね。もし自由占いならセオリーのひとつである中庸占い寡黙吊りで行きたいと思います。発言数の多い人は発言で判断して、そこそこの人を占う作戦です
1日目,ならず者ディーター,霊能者,霊能coこの人数で3-2じゃ狼利だからな、対抗出ないことを祈るぜ。
1日目,負傷兵シモン,狩人,おはようさん>>130 ニコラス★おいおいよーく確認したか、俺ちゃんも回してなかったんだけど？で、3coな。真狼狂>真狂狐≧真狼狼=真狼狐かね。>>占い師ALL★狐狙い、狼狙い、白狙いどれ？
1日目,負傷兵シモン,狩人,あ、もちろん【非霊】だぜ？残すはクララだなー、ディッキー真確するといいなー真確したらまとめよろしくしたいから対抗でないでね
1日目,行商人アルビン,人狼,他国の人がけっこう多いのかな?シモン>>145 G国は狐(第三勢力、過去のこの国のハムスター人間)はいないですよ。☆占い先は黒狙いですが、自信はあまり…
1日目,負傷兵シモン,狩人,>>147 アルビンあ、やべ………ハムも絶滅してたわなそうそう他国から来たのよねー、うっかり☆
1日目,シスターフリーデル,人狼,★占確はほぼないと思うんだけど、まとめ役に確占あげたのはなんで？☆たまに事故って1-1になるからですわ★民意になったときpt制だと狼陣営の操作が入ると思うんだけど、それについてはどう考えてる？☆村が正しい判断をすればいいだけですわ
1日目,シスターフリーデル,人狼,霊co把握ですわ
1日目,司書クララ,村人,おぱよー。10村を期待していたら14人村になってた…。灰見るのめんどいなりぃ…。ガッデム。【娘神商の占CO、者の霊CO確認】私は【非占非霊】なので陣形確定かな？議事はさらっとしか見してないから、もうちょい見てくる。
1日目,司書クララ,村人,一応議題回答しておくと、まとめは確能＞確白ってことでディ太お願い。陣形はFO希望ってか、なってる。占いは基本統一でいいかなと思っているの。希望出しは羊案の仮23：15/本23：45で良いんじゃなかろうか。まあ、ディ太にお任せで良いけど。
1日目,司書クララ,村人,リナは思考開示しっかりしてるし、発言から思考追いやすそう。吊り縄確認からFO希望で理由が3-2での縄不足懸念。ペタペタへの「まとめは確霊に任せたら」のアドバイスからニコニコの凸死懸念を受けて「霊お任せ思考はやめる」って変化も、村を案じる村人として自然に見える。村の先行きを考え、自発的に仮本決定の時間を提示するあたり微白かなー。もっと灰に触れると私が喜びます。と思いますた。
1日目,村娘パメラ,狂人,【者霊CO確認】霊確ね。まとめ役をお願いしますわ。兵>>145☆黒狙いがいいな、とは思うけれど引けるかどうかは……。がんばるつもりだけれど。
1日目,司書クララ,村人,ニコニコは者の凸死懸念から「霊任せではなく、3-0、3-1凸1視野も考えて」の呼びかけが微白く見えるかなー。ニコニコ村仮定なら質問飛ばしは議事の活性化を考えてだろうし、便利だから私が喜びます。狼でもたぶん素直狼だろうし、基本村利進行を提示しそうかな。思考が捩じれたら分かりやすそう。とりあえず灰に置いた方が村利かなと思いますた。
1日目,少女リーザ,人狼,ディーターの霊CO確認まとめ役よろしくおねがいします>>占い師ALL★今のところでいいので対抗の占い師をどうみてるのか答えてくれると嬉しいです
1日目,司書クララ,村人,ペタペタは非狼っぽい？「希望があれば非対抗表作ります～」って、ペタペタ狼なら対抗表作って張った方がお手軽に喉消費と印象稼ぎできるのに、敢えて聞くあたり面倒な手順踏んでる感。>>110の「確定役職＞確白」から>>113の追記「確占>確霊」も修>>108を見ての追記だろうし、見えたことそのまま落としてる気がする。赤窓の重さを感じないあたりの非狼感ってことで。何より可愛い（じゅるり
1日目,司書クララ,村人,他の人は発言増えてからかな。占い師はドングリなので、もっと頑張れ。ヴァルは発言期待してる（ハードル上げリザ、オトは、もっと話してけろ。何を話せば良いか分からなければ、ディ太が助け舟を出してくれるはず。シモヘイはうっかり陣営。リデルは特にないけど灰に触れたらどうかな？ゲルトは寝ないほうが良いと思うよ（真顔
1日目,司書クララ,村人,あ、私は基本昼間メインなので夜は顔出し少ないかも。更新後もすぐ寝ると思います。たぶん。ではでは、離籍ー。
1日目,少年ペーター,村人,ふぁぁ・・・おはようございます・・・うわぁっ！なんだか怖い人がいる！えっと、ぼ、僕は美味しく無いですよ・・・？（震声）>>138旅☆ほわー、っと2-1とか2-2かなー、ってでも陣形のこと考えながら占い方針希望は出してませんでした、ごめんなさい>>141羊☆あ、出来ます、僕が希望した時間にはそんなに意味は無かったから・・・
1日目,神父ジムゾン,占い師,起床。>>141いいよ>>145その時による。狐はいないから狙えない（笑）>>156現在でなんて分からない。シモンの狐狙いはそんな勘違いあるか不思議だから、即ツッコミのアルビンとの切れ茶番かと頭過ぎった位だ。
1日目,村長ヴァルター,村人,ぐっもーにん、えぶりわん！クララくん、ハードル上げてくるねぇ、いいねぇ！どれだけハードル上げても、私はくぐり抜けちゃうからね。占いはパメラちゃんがCO早めだね、真狂＞狼で見ておこう。他の2人は同時か、わからないね。ジムゾンくん。>>125で非霊宣言しているけど、★その非霊宣言はどういう意図があったんだい？
1日目,神父ジムゾン,占い師,ハードルはくぐらずに飛んでくれ村長3-0だと言う人散見したから。非霊はしてなかったの思い出して一応。
1日目,村娘パメラ,狂人,妙>>156商はなんとなく不安げな感じが相談できる狼っぽくないような気もする。と言いつつまだまだ情報が無くてよくわからないわ。差はつけないで見てる。クララさん、カタリナちゃん、ニコラスさんは積極的に発言しているので微白印象かな。現時点ではこのくらい。
1日目,村長ヴァルター,村人,そして、3-1確認。ディーターくんにはできればまとめをお願いしたいね。雑感■ニコラスくん霊の凸心配・他人の喉気遣い・霊潜伏も考えての占い先廻しなど、村っぽいね。白め。>>163一応、か。あの時点で非霊（スライドしない）ことを明言するのは、人外側に余計な情報を与えることになるんじゃないかと思ったよ。
1日目,神父ジムゾン,占い師,それは、俺の非霊によってアルビンパメラがスライドするかもって事だろうか俺は対抗が降りてくれるならその方がいいんでそう言われてもな。
1日目,村長ヴァルター,村人,>>166まだ非霊してない人もいたし、その中に人外がいた場合に人外側が好みの陣形を作りやすくなるのではないか。と思ったということだね。ただ、その発言だけでジムゾンくんを偽扱いするわけではないよ。気を悪くしないでくれたまえ。あと文字数にかかわらず20発言までしかできないから、あまり短い文連発はしないほうがいいかもしれない。
1日目,神父ジムゾン,占い師,気を悪くはしてないぞ。村長の言う事は分かるが、具体的にそれでどう問題になると考えてるのかが分からない。その場合には3-2か2-2になるって事だろう？それのどこに問題があるんだ？村長は２-２より３-１の方がいいのか？俺は３-１よりは２-２がいいし、非霊で不都合あると思ってない。
1日目,村長ヴァルター,村人,>>168人外が3-2にしようと霊騙ってきたあとに、占いからスライドして2-3になったら人外は困るだろう？だから、非霊しないほうが人外が霊に騙りに来にくいじゃないかと思ったのだよ。>>166の対抗が降りてくれたほうがいい。というのは真感情っぽいね。
1日目,パン屋オットー,村人,娘神商占CO、者霊CO、確認しました！まとめはディータさんにお任せしたいです。占いは統一希望です。クララさん>>158発言少なくなりがちなのですが、頑張って発言するようにしますね。ディータさん助け舟お願いします！では、パン焼きに戻ります〜**
1日目,ならず者ディーター,霊能者,シモンのことなんだが、狐がいると勘違いしてはいって来る奴って普通いると思うか？
1日目,村長ヴァルター,村人,>>171数は少ないだろうけど、そういう人もいる可能性はあると思うよ。シモンくんが狼だとして、わざと間違えたのも無駄に目立つだけであまり意味がないように思うしね。しかしシモンくんも発言が少ないし、白黒判断つけられないね。他の人もだけど、発言がのびるのを期待しているよ。あと内訳・ルールに勘違いがあると進行に支障をきたすかもしれないから、軽くトップページを読んでおいてもらえると助かるね。
1日目,神父ジムゾン,占い師,>>168あそこから俺の非霊によって２-３とか想像できないな。なるとしたら、３CO目の霊に狼がスライドCOする事で真決め打ち狙いか？でもその場合も狙ってやるんだから狼側困らないと考える。>>171俺はいないと思うけど。アピ疑惑だが、狼数把握ミスと違って何を得るのか。
1日目,司書クララ,村人,議事進まないからつーまーらーなーいー。ペタペタはもっと言語化頑張れ。「3-0は頭になかった」「ほわーっと2-2、2-1かなと」思ったのは何で？ほわーっとの部分を言語化できる？神長は微切れかな？長から神下げて、神の返答見て「これだで偽扱いはしない」から更に神の返答受けて「真感状っぽい」って両狼なら面倒なことするなーと。両狼の茶番には見えないかな。
1日目,司書クララ,村人,ディ太>>171ストレートすぎワロタｗｗｗG国の注意事項読まずに入村する人もいるから無いとは言い切れないかと。シモヘイ狼ならアピの範囲だけど、そこは無視して他の要素拾うかな。ついでなんでシモヘイ★非霊まわすの遅かったけど理由ある？もっと言うならFO希望で非霊最初に回さなかった理由とか。オト>>170★発言少なくなりがちな原因は自分で分かる？何をしたら良いかわからない？
1日目,行商人アルビン,人狼,【者の確霊】確認です妙>>156 ☆3-1なら普通に考えると真狂狼、ワンチャン真狼狼ですからどちらにしても他の二人は人外ということになりますね…。どちらが何と判断出来るだけの材料はありませんけどシモンさんの狐発言は個人要素じゃないでしょうか？狼にしても狐に言及する意味がわからないですし
1日目,村長ヴァルター,村人,>>173そうなのかな？村長ちょっとわからなくなってきたよ。ただジムゾンくんは一貫して占い視点であり続けてる気がするね。私から始めた話なのに悪いが、お互いこれ以上ここに喉を割くと他の灰を見られなくなってしまいそうだから、この話はここでいったん終わりでもいいだろうか？クララくんは発言少ない人から引き出そうとしてて印象いいね、白めかな。それじゃあ村長はお昼寝をしてくるよ。@11　**
1日目,行商人アルビン,人狼,ニコラスさん、カタリナさん、クララさんは発言多くてこのままなら発言内容から白黒見れそうですから占い先選ぶならそれ以外の所になりそうです
1日目,シスターフリーデル,人狼,暇だからうとうとと映像作品をシスターちゃん楽しみますわそうやってノイズをノイズノイズしていますわ
1日目,神父ジムゾン,占い師,>>177いいよ。一応のつもりが注意されたから、反省すべき行為だったか影響パターン検討したが問題はない考える。俺が気付けない問題があったなら村長白く見えるかと思って話してみたが、村長としても何が問題なのか俺には分からなかった。俺印象落としor自印象稼ぎにちょっと注意してみただけっぽくて、逆に印象下がったかな。
1日目,羊飼いカタリナ,村人,やっぽぅ◎(・（×）・)◎ノ3-1確認。決定時間は仮23:15/本23:45で問題なさそうね。ディったん決定宜しく。年>>160神>>161　回答ありがとうね。村長と神父のやり取り見て思ったけど、村長はレアケ追いすぎでは。神偽塗りに見られるのは仕方ない。人外濃度濃い占いにセンサー張ること自体は村要素だけどね。神父も言いたいことは言えたと思うんで、お互い他の人に目を向けてほすぃな。
1日目,旅人ニコラス,村人,早く帰ってこれて感激！適当に灰考察とかしてくよーログ意外と進んでなくて考察楽だから嬉しいかm...羊>>140　☆★流☆星★群☆★確かにそうだね、ディーター直後に来てくれたしごめんね。お詫びに、これあげる　つ[羊毛布団割引券]兵>>145☆兵は思いっきりFO希望って言ってるのに非占だけだったから、多分霊じゃないだろうなって思ったんだー占いはね、1番スキルあるのはジムゾンだろうね。何を言っ
1日目,旅人ニコラス,村人,たら自分が真に見えるか、たぶん知ってるね。後の2人は、ちょっと遠慮がちな印象だよ。誰が真でも人外でも、真アピしてやるぜ！ってくらいガツガツきてくれると僕嬉しいなー後何喋ったらいいかわかんないって人は、僕と雑談するんでもいいよ！寡黙とか喋ってないとか言われると、なんか喋りにくいよね、僕がそうだったからねー。くららんが多分人狼の話題は引き出してくれるだろうから、疲れたら僕ときゃぴきゃぴしよーね！
1日目,少年ペーター,村人,>>174司んっと、多分今まで2-1とか2-2のケースが多かったからかな役職の色見るのはまだ割と後になりそうです、ごめんなさい・・・
1日目,神父ジムゾン,占い師,>>181どっちもやりとり結論出てもう話終わってるぞ？ニコラスの>>130はそれはどうかと思ったが、そこからのカタリナ>>140>>141印象は上がった。初手占いロラ匂わせも狼では言い難そう。
1日目,司書クララ,村人,時間切れー。以降は鳩でー。暫定【●長○兵】にしとこうかな。●長は神>>180にまるっと同意から。加えて言うと長>>165「人外に余計な情報を与えたくない」と、長>>167「これだけで偽扱いしない」が繋がらない感じだから。村長村仮定で人外に情報を与えたく無いってのはわかるけど、神の非霊が神の下げ要素には繋がらないと思うのよね。神真ならスライドする必要ないもの。
1日目,司書クララ,村人,神の「一応言った」も面白くて、偽ならもっともらしい理由つけて信用取り来ない？ってのもある。結果、印象としては神>>180に近くなるね。羊>>181の長評みてなるほどとも思ったけど、一応黒狙いで【●長】でふ。○は羊旅年以外なら誰でも良いんだけど。SG保護で屋妙は有りだけど、村で偽黒でると抗弁力低そうだから微妙？兵修ならその辺大丈夫そうかなってので何となく○兵にしとく。まっ、暫定です。
1日目,シスターフリーデル,人狼,まるっとおみとおしですログは一応読んでますわ全部印象どまりで発表する気ないからノイズだらだらってやっててなのですわーーー
1日目,司書クララ,村人,リデル>>188ノイズでもいいやん。てか、長期ってそんなもんだと思うけど。印象で良いから話してみたら？
1日目,神父ジムゾン,占い師,>>183なぜかおかしなハードルのようなレッテルが。スキルあるとか言われたことないぞ。過去文献は多く読んでるけれど。疑問だが喜んではおこう。でも一見するとパメラアルビンへの鼓舞のようでいて、俺への湾曲的な下げにも感じている。
1日目,シスターフリーデル,人狼,>>189長期は確固たる要素で説得していくやつだよ印象でいったら喋ってる人は比較的白いんじゃないの？。これで終わってしまいますわ
1日目,神父ジムゾン,占い師,俺に丸ごと乗ってきたようなクララも気にはなったが、SG保護と進行への意識、単純に発言量で見ていなそうな部分には好感が持てる。>>187の考えが分かるし、自分が多く喋っていて寡黙を占吊から遠ざけているのは白めに写る。
1日目,羊飼いカタリナ,村人,神>>185諍いに口を挟みたいお年頃なんだめぇちょっとタイミング遅かったけど！以下灰雑。クララは遅れてやってきたけど考察読みやすくていい。白取り主体かめぇ基本的に自然体で、>>174上段とか推理したくてジタバタしてる村に見えるー。意見は概ね同意。ぺったんかわE。村長は好印象な人を白くとるのかめぇ。クララの言うように神とは微キレ。
1日目,羊飼いカタリナ,村人,フリデルは自覚しながらノイズ撒くとか潜狂疑惑出ちゃうよ。。まぁCO数的に遊んでる村かなーと思ったけど。シモンヌは>>146>>148見て村でも狼でもアピ系に感じた。なんでシモンヌのアルビンとの切れ茶番疑惑がマジな可能性、なくはないと思うめぇ。アルビンからのフォロー>>176も入ってたのも踏まえて。ペッタンはクララによる評>>157見てなるほどーと思ったのでとりま非狼感とっとくめぇ
1日目,羊飼いカタリナ,村人,ニコラスは流星群で広げた風呂敷をどう畳むのか見るの期待だぞーオットンはとりま何か喋って～話題に困ったときは↓を使ってくれめぇ屋★いま疑わしい人、頼れそうな人はいる？リザちゃんは占い師に質問投げてて意欲はありそう。灰はどう見てるのかなー。話題困ったら↑のオットンへの★に答えてみてめぇ
1日目,負傷兵シモン,狩人,えーしゃーないだろー、頭の切り替えってそうそう出来なくねーてか狐を公と呼び間違えてたのが懐かしい。狩人を騎士とかな。>>175 司書☆んー、勝手に回したら怒る奴いんだろ、偶に状況見て回す人よ俺ちゃん。>>173 神父14人だから4匹だろー、ってまぁ普通に3匹な。
1日目,旅人ニコラス,村人,ここだけの話だけどね、羊書は怪しいなーって考えてたんだよね。あ、勘ね！とりまっちょ今書の発言読んできたけど、僕ここ狼なら見つけられるか心配だよ。書は僕のこと>>155素直って言ってくれた(と勝手に思ってる)けど、書のほうが素直に発言してる感じ受けるな。>>151の上段は村アピかもしんないけど>>174上段は僕と思考シンクロ。これは村感情だと思うなー感情偽装もありえるけど、くららんの発言は思った
1日目,旅人ニコラス,村人,こと垂れ流しっぽいんだよね理由後述するけど。これ割りと村目で見てるよ。ただ、くららんがもっと考察の濃度濃くなると僕かなり嬉しい。あ、でくららんの垂れ流し要素ね。垂れ流しって意見のことね？>>153～>>158の灰考察ポンポン白&非狼考察ポンポン>>158の長や兵に関しては、あークララの思考が透けてるな、ってすごく感じる。羊>>195もうちょい僕のハードル上げといて灰考察めんどくさがる奴だから僕
1日目,少女リーザ,人狼,CO順とかでなんとなく予想できるかなと思ったんですけどロケットいなかったし喉使わせただけですね　すみません>>158寡黙で占と吊り縄無駄に使わせないようがんばります助け舟はできれば欲しいですね>>195ニコラスさんやカタリナさんが頼もしすぎてまぶしい疑わしい人とまではいかないけれど村長さんはなぜか白く見えないなーとあああ　結局皆と同じようなことしか答えられてないいぃ
1日目,行商人アルビン,人狼,狐へのツッコミがライン要素と取られると困惑しちゃいます…でも中庸占いって考えたら候補は長兵くらいであとは占いか吊りか悩む感じなんですよね
1日目,司書クララ,村人,リナ>>194たぶんリデルはノイズ撒いてるつもりは無いかと。ノイズ撒きたくないから印象論は出さないってだけ。結果、リナのノイズになってるのも分かるけど。リデルの言う確固たる要素は能力判定・襲撃筋とかだと思うけど、そこから思考伸ばすのかな？と思った。たぶん短期よりの人な気がする適当予想。リデルとは長期への考え方が違うっぽいから平行線かな。別に何要素でも無いけど、本人要素ってことで。
1日目,村娘パメラ,狂人,私も中庸な長兵辺りを占いたいかな。多弁の中に狼がいるとしても、占うより喋る中から判断していきたいと思う。
1日目,シスターフリーデル,人狼,ひやっほうシスターちゃん遊んじゃうよあ、一応考えたりとかしていますわ
1日目,村娘パメラ,狂人,リデルさん、考えがあるなら聞いてみたいわ。印象でもなんでもかまわないので。
1日目,司書クララ,村人,シモヘイ>>196返答ありがと。協調性有りってことね。潜伏霊視野とかだったら3日目夜明け3-2懸念無しとかで微妙評価だったけどね。
1日目,負傷兵シモン,狩人,出さないと怒られそーだし書く1羊 流星群、思考開示多め系2尼 なんか色々内緒にしたい系3長 非占から非霊回すの早い、シンプル4旅 流星群いっぱい喋るー、気が早い？5年 表作りたい系 ふんわり6妙 短喉多め？7司 動き軽い早いー8パ 影薄め？
1日目,パン屋オットー,村人,パン屋の仕事が早く終わりました！クララ>>175☆原因は、人の意見に流されやすくて同調することしかできず、発言を躊躇ってしまうことでしょうか…でも、寡黙になるよりは同調だけでも発言したほうが良いですね。自分で意見出せるよう頑張ります。リナ>>195☆正直みんな疑わしく思えずにいます。シモンの狐発言についてもありえると思いますし、何のメリットもないと思いました。頼れる人としては、ク
1日目,パン屋オットー,村人,クララが好印象です。積極的に寡黙から発言を引き出してくれて、村のために動いているような感じがします。
1日目,羊飼いカタリナ,村人,ディッたんいるかな？ちょっと心配なってきた。旅>>198オラオラ星投げっぱなしとか質問ステルス疑うぞ早よ考察書けや！妙>>199回答ありがとう。寡黙を気遣っていたニコラスや★投げた私を頼れる人に挙げるあたり、リザちゃんは素直ですね...。素直要素に計上しておこう。書>>201そーなのか。まぁ私も短期出身だけどよくやってる人は雑殴りでも何でも気になったとこにはツッコミ入れてたけどなぁ。
1日目,村長ヴァルター,村人,みんな大好き村長のおかえりだぞーっと。（おかえりー村長！）>>193カタリナくん言葉不足だったね。クララくんは寡黙から発言を引き出そうとしてたから、白めに見る。ということだよ。狼なら、そんなことはせずに寡黙吊り対象にしたがるんじゃないかと思ったからね。神の件に関しては、偽占による狼or狂人に対する「自分はスライドしませんよ」というアピールなのかと思って突っ込んでみたんだ。
1日目,少女リーザ,人狼,短喉が多いのは申し訳ないです★村長　私は神の非霊宣言についてそんなに気にしてなかったんですけど長は何かほかに考えてることありますか？私の気づいてないところに気づいてそうなので議論の邪魔になったり余裕がなかったらこたえなくて大丈夫です。あと　おかえりー村長！
1日目,羊飼いカタリナ,村人,表が静かすぎて赤窓も連携取れてないかもねとか思ってたら兵屋の発言みえた。屋>>207>>208回答ありがとう。理由を添えてくれてるとこは好印象。ちょっとやることあるんで先に占い希望出しとく【●兵○年】で提出。この村で旅書を能力処理にかける余裕はない。村長は黒ありそうだけどある程度喋れるし狼ならボロ出すんじゃないか。修は遊ぶ余裕あるくらいだから明日以降きっと発言の伸びを見せるだろう。
1日目,羊飼いカタリナ,村人,残り兵妙年。兵は黒あると思うけどネタ発言で誤魔化されてよく分かんない。狼探しの知識はありそうなんで、斑になったら本気出すと思い第一希望。妙は狼なら開始直後に第一声で表で挨拶せずにとりあえず赤で発言して仲間の助言を乞うんじゃなかろうかということで非狼感。年の非狼要素だけどあざと狼のセンも追える。SG保護にもどうですか。
1日目,司書クララ,村人,オト>>207無理やり疑ったりする必要もないし、思ったことを素直に落として行けば、オトが村なら回りが何か感じてくれるかも。リザもね。ぶっちゃけ、縄少ないので頑張って欲しいのが本音。拾い上げとかディ太頼むよ、マジで。>>ディ太集計と占い師の結果出しの方法も指示してね。特に狂っぽい人もいないから、順番よりは同時か黒1白3とかが良いかな。占い師の希望も聞いてね。
1日目,神父ジムゾン,占い師,初日発言量など、それこそ個人要素じゃないのか？特に初心者村なのだし、完全に初めての狼探しなのか外国から引っ越してきたかによりそうだと考える。ディーターはまとめ役意思薄そうで、オットーとリーザへの助け舟期待は難しく見える。逆に、助け船話を出したクララや、ディーターの参加に不安を感じたニコラス、心配になったカタリナなどがディーターを助ける事も考えた方がいいんじゃないか。統一したいならよろしく。
1日目,シスターフリーデル,人狼,シスターちゃんシスターちゃんみんなのみんなのシスターちゃん！シスターちゃんシスターちゃんみんなのみんなのシスターちゃん！今日は多分これでノイズ終わりにしますわ喉も少なくなってきましたしね(ただし、真面目に発言するとは言ってない)
1日目,村長ヴァルター,村人,リーザちゃんは優しいなぁ…。私も暫定で占い希望を出しておくよ。【●修○兵】・修は発言を見た感じスキルに自信がありそうな印象をもったよ。確白になったら頼もしそうだし、斑になってもそこから見えてくるものがある気がするね。・兵は経験はありそうだが、発言が少なめだね。修と同様に、斑になった場合でも戦ってくれそうだから希望を出しておくよ。
1日目,司書クララ,村人,ジム>>215目から鱗だわ。ディ太がまとめ役に慣れてない可能性もあるか。喉少なくなってきたから何ともだけど、出来る範囲でやれることはやる。ディ太も不安があれば言ってけろ。リナ>>209ログ読みで見た長期での短期の人は、初日の議論に意味を見いださい、手順、判定、襲撃筋からの考察がほとんどってイメージガガガ。まあ、色んな人がいるよね。
1日目,少年ペーター,村人,あ、宿題がちょっとヤバいです・・・2300には帰ってくるように頑張ります・・・
1日目,神父ジムゾン,占い師,>>214判定順番指定は従うが、鳩多いから同時は大変だ。>>215の個人要素で考えると、シモンは無意識に狐が陣営構成に入るほど外国住んでいると推測するが、それにしては喋らないと感じる。因って微黒。シスターは何がしたいのか不明。フリーダムで白いとも全く思えないスタイル。
1日目,羊飼いカタリナ,村人,>>215下段　せやな占い方法は【統一占い】集計方法は【第１希望●2pt、第２希望○1pt。同ptなら先着順】この辺はセオリーだし決定でいいかな？発表方法は黒即じゃなければなんでもいいや。占い師の希望に合わせますかね。神>>220　黒１白３とかも厳しい？
1日目,村長ヴァルター,村人,そして軽く灰雑感だ。Let's go 村長！■旅>>165に書いたように白めに見ているよ。質問も多く飛ばしてくれているし、頼りになりそうだ。■書寡黙からの発言引き出しは白めだね。灰のこともしっかり見ている印象だ。■羊書と同様に寡黙への気遣いは白めだね。書・旅と並んで頼りになりそう枠だ。
1日目,村長ヴァルター,村人,■年素直そうな印象だが、発言が少ないね。判断できないよ。■妙私のことを白く見えてないのに、>>211で私に頼ってる？感じがちょっと疑問だね。でも優しい少女だと信じているよ。■屋私にパンをくれる良いパン屋さんだ。寡黙気味だけど、素直系なのかな。判断できないね。
1日目,村長ヴァルター,村人,■修>>121、>>149を見た感じスキルに自信がありそうな印象だよ。しかし、その後は発言も少なめでまったく色の判断はできないね。■兵ナチュラルに？狐の勘違いが出てくるあたり、そちら方面で場数を踏んでる人なのかな。発言も少なめだし、色の判断はできないね。
1日目,神父ジムゾン,占い師,>>221黒１白３が分からない。１分後３分後？時間指定されるのは鳩飛ばないと困るから回避したい。占３だから狼占騙りがいる。ニコラスと村長の俺への触れ方は、占騙り狼フォロー援護としてやりそうな発言で白くは見えないな。特にニコラスの、ディーターの参加を危ぶんでたにしてはニコラスにディーター霊CO後もフォロー動き見えなかったし他発言との違和感を感じる。
1日目,行商人アルビン,人狼,>>221羊統一占いで発表は結果が人狼なら更新1分後、人間なら3分後に発表ってことですね。私は指定されればどれでも対応できると思います。占い先は【●兵○長】でお願いします。なんかシモンさんへのツッコミが疑惑を呼んでるみたいなんで白黒つけたいというか…。3占に人外2人ならのこり灰9人に人外2人で任意に選んでも22%は人外って計算になりますし
1日目,少女リーザ,人狼,>>223人の意見に左右されやすいのでなんとなくで思考停止はしたくないなって思って適当に質問投げました混乱させたなら申し訳ないです
1日目,パン屋オットー,村人,リナ>>213妙の開始直後の第一声って、更新直前の発言ってことはないの？（システム的なことあまり理解してなくて、間違っていたらごめんなさい。
1日目,羊飼いカタリナ,村人,書>>218　短期国でも色々あるみたいね長>>210　了解です。考えは納得できるんだけど村長が白く見えないなんでだろうなぁこれ言語化あとでします神>>225　ごめんその通り。OK商>>226　OKありがとう妙>>227　正直すぎて草生えちゃうよピュア白い屋>>228　あぁジンドルフで確認したら00:15:10だったからそれも有り得るね。でもそうだとしても>>227見ると占う気失せる
1日目,神父ジムゾン,占い師,>>157ペーター評価は同意できる。オットー・リーザは何を喋るか分からないけれど自分ができることをという意思が散見、もう少し待ってみたい。フリーデルは黒引けずこのまま白く見えないなら直吊り検討。ディーターがまとめ仕切り難しそうだから、白確定したらまとめ移行できそうな人でいいかもしれないな。その中で黒ありそうなところ。旅＞村＞兵>>221pt計算するなら●旅○村に。決定頃まで離席する＠４
1日目,村長ヴァルター,村人,>>227これは…白い…！謝る必要はないし、混乱とかもないからどんどん質問とか送っちゃってね！>>229私が混乱させてしまっているのかな、申し訳ないね。お互い理解したいし、言語化待っているよ。ディーターくん戻ってくるかわからないけど、集計どうしようか？私はもう喉が@5なので出来るか怪しいよ。
1日目,シスターフリーデル,人狼,そろそろ真面目に発言しますわねとりあえず、村長さんとカタリナさんは村を誘導しようとしてくれている印象ですわね白い印象ですわ(放置位置)
1日目,シスターフリーデル,人狼,そうですわね旅人さんは比較的流星群から色は見えやすい感じはしますし放置でいいでしょう
1日目,負傷兵シモン,狩人,んー、どうするかな、•少年○村長で。村長は割と喋るけど、少年は微妙だし少年の方が優先。パン屋少女はうーん？なんだか期待されてるようだが………初心者村だろお手柔らかに。頼むから。
1日目,シスターフリーデル,人狼,他の人はあまり大差ないですわねその中ではシモンさんが作ってきた灰雑が無理矢理作った感出ていて私個人の中では黒印象ですわここ占いで推しておきますわもっとも放置っていった人たち以外ならどこでもいいですわ
1日目,シスターフリーデル,人狼,真面目モードたった三喉で終わってしまったシスターちゃんでしたわ私は統一占いは国民性の違いもあってそこまで好きではありませんけれども、初日はお弁当作ってもいいのではないかと思えますわ明日以降は自由がいいですけれどもね
1日目,シスターフリーデル,人狼,多分言うことないですかねもう
1日目,シスターフリーデル,人狼,シスターちゃん最終喉ですわでは、明日またお会いしましょうシーユーネクストアゲイン吊り噛みが初日にないってこういう明日確実に生きてる発言とかそういうのに村でも気を付ける風習がなくて楽ですわね
1日目,村娘パメラ,狂人,占い先希望＼司羊長商神兵修l妙屋年娘旅者●長兵修兵旅年兵l○兵年兵長長長？l現時点ではこれで合ってるかしら。
1日目,司書クララ,村人,パメパメ>>239あー、助かる、喉余ってたら引き続きお願い。修>>232明日返事しといて。★1村を誘導すると白いの？★2質問飛ばしが多いと色が見えやすいの？>>ディ太とりあえずきてぇぇぇ。
1日目,羊飼いカタリナ,村人,あーリザ今日第一声から次の発言まで間空いてるね、ここ赤窓相談あるかも疑惑なので希望変える【●兵○妙】占い発表法考えたんですけど、神父の希望を汲むと、[第一声で即出し]or[順番：商→神→娘(今日の占CO遅い順)]くらいしか思いつきませんでした。最悪でぃったん来なかったらクララに決定委任したいです...パメラに集計は任せた@3
1日目,旅人ニコラス,村人,ただいま、今帰ったよ。時間無いから占希望雑になりそうだな...とりあえず灰考察回すよ。神に関しては言いたいこと多いけど、ここ真ならどうしような、とか思ったり。僕と思考タイプがちょっと違うみたい神>>225者がまとめできないとは僕思ってないよ。というか灰が確霊フォローってあまりしないイメージだけど？者は、まとめできないよー！とかいう発言も無かったしね。神>>230★まとめ確白と黒狙い同時狙い
1日目,旅人ニコラス,村人,っていうのは相反するものだと思うんだけど？なんかその希望理由黒塗りされてるような感じがするんだよね。うーん、でも初日だからなんとも言えない部分もあるや。ただ占希望単独感はあると思うかな！神は疑心暗鬼強い印象は受けてるけど、うーん、これ以上喋っても多分どうにもならないしいいや。占は明日結果見てから考えてみる。よーし灰考に移るよー
1日目,パン屋オットー,村人,リナ>>241自分もその可能性考えてました。リナが妙をかばってる感じがして、リナのことも少し疑ってました。でも違うみたいで良かったです。占い希望●妙、○長、でお願いします
1日目,旅人ニコラス,村人,兵>>145　僕が兵の非霊拾いきれなかったところを申告してくるってことは、この非霊回してなかったのは意図的ではなさそうな感じだね。狐を入れてたのも、アピならやりすぎ、って感じ受ける。>>146でそこを突っ込まれたときの反応が、アピで狐入れたんなら自分から黒視貰いにいってるようなもんだよな、って感じ受けた。>>146の最後の行はアピって印象だね。>>196の神父への返答、>>206の灰雑は、動き軽い
1日目,旅人ニコラス,村人,印象だよ。ただここ、灰雑出さないと占に当たるからとりあえず出しとこうってことなら軽さは取れないけどね。僕の『気が早い』って評価はあってるしなかなかいいなと思ったんだけど。なんか兵落ち込んでるけど、僕は兵そんな黒いと思わないよ。>>234の★パン屋少女～最下行どんな気持ちで書いた？村なら率直な感情が聞きたいんだけど。てか喉足りない...全員の灰雑落とせないよ！！！！！！
1日目,少年ペーター,村人,帰ってきたし喉まだまだ余ってるから灰見て占い希望出します！ご迷惑おかけしますっ！
1日目,村娘パメラ,狂人,＼司羊長商神兵修屋娘l妙年旅者●長兵修兵旅年兵妙兵l○兵妙兵長長長？長修l私は【●兵○修】で提出するわ。【仮決定23:15/本決定23:45】結果の発表方法は黒1白3と思ったけど神父さんの対応が難しいのなら少々バラけても仕方ないかしら。
1日目,村長ヴァルター,村人,パメラちゃん集計ありがとう！喉に余裕があったら、パメラちゃんの希望出しの理由教えてもらえないかい？喉に余裕がなければ、明日でもいいよ。
1日目,司書クララ,村人,リナ>>241ちょっと待てw私委任とか勘弁wディ太来なかったらポイント制で、同点なら●の数かな？民意ってことなら。神鳩多めだと結果が白の場合1分で判定出すの辛そうだから、可能な範囲で頑張ってもらうってことで0時18分に同時出しでどう？占い師3人は対応可能？@2
1日目,旅人ニコラス,村人,喉足りないから羊はもう明日にするねー妙尼は今日占当てる位置じゃないと思うから考察省くね。年長屋ね、僕全然黒い人見つけられてないよ、3人とも白かったらそうするんだよー！で、今さらっと読んできた。年は僕との対話の中で陣形論がちょい矛盾してたような気がしてたけど、狼なら発言推
1日目,旅人ニコラス,村人,敲してなさすぎと思って村かなと思ってたし、村長狼ならわざわざ神にああいう絡み方するかなと思って村かなと思って、で屋は占う位置ではないような気がするし、絶対僕どこかで人狼のこと白いとか言ってるね、駄目だこりゃ。【●年○屋】とかで出しとくよ...もう考察に自信ない。年はふわふわ感が論理矛盾、屋は消去法で出しとくけどなんか外れてる気しかしないよね。もう、ボクダメダ...　@2
1日目,村娘パメラ,狂人,長>>249パッションなところが大きいのだけど、兵は掴み所があまり無い印象から。修は後々本領発揮してくれるのかもしれないけど、今日については発言数の割に中身が伴ってなくて色が気になるなって思ったの。司>>2303分後同時ね。いいと思うわ。
1日目,負傷兵シモン,狩人,>>251 ニコ意訳すると「負傷兵黒い」か？ 愛されすぎだろ俺俺も愛してるぜー因みに発言からスキル読めんわけわかめ、だ占に書ける範囲ではないってやつな
1日目,少女リーザ,人狼,占希望出しときます●長○修村長さんはやっぱりはやめに色見ておきたいなーと第二希望は特に理由はないです無理やりつけるなら今日の行動がよくわからなかったからオットーさんは慎重に見直すタイプですか？村をよくみれててすごいなって思います　自分でも怪しまれるのはしょうがないと思いますしね
1日目,行商人アルビン,人狼,ティーダさんは大丈夫でしょうか？今日は突然死もないですし、霊能者のお仕事自体は2日目の最後まで無いですけど司>>250 更新3分後に3人同時ですね。私は大丈夫です
1日目,負傷兵シモン,狩人,>>235 シスター本気でいってるのかそれ擽るぞ良いのかあとごめん、俺ちゃん基本質問なげっぱだからーディッキー暇そうで羨ま
1日目,少女リーザ,人狼,仮決定って23：15でしたよねディーターさん忙しいのかな
1日目,村娘パメラ,狂人,＼司羊長商神兵修屋娘旅妙l年者●長兵修兵旅年兵妙兵年長l○兵妙兵長長長？長修屋修l兵(10pt)長(8pt)だからpt順なら仮決定は兵占い、でいいのかしら。者の不在が不安だわ。
1日目,旅人ニコラス,村人,兵>>254ちがうよー！僕の発言見てよ、シモン村側っぽいって言ってるんだよもー！(ぷりぷり)もー僕もシモンのこと愛してるーなるほどね、ありがとう参考にする【仮決定把握】僕本気で兵は白いと思ってるんだけどなーどうせなら村長の方がいいよ。 @1
1日目,村長ヴァルター,村人,【仮決定了解】パメラちゃんは希望出し回答ありがとう。兵は占い師２人から第一希望にされてる、というのが気になるところだね。（私も２人から第二希望にされているが）ディーターくんもきてくれるといいのだが…
1日目,神父ジムゾン,占い師,>>242黒狙いとまとめ役は相反しないぞ。黒出たらならいいけど、外した場合にも備えてるだけ。俺もニコラスと相性悪さ感じてどうしようかと思っていた。俺には全然白く見えないが頼りになるという意見も出ているから、俺が死んだら旅狼時に吊逃しそうで占っておきたい位置だと考える。相性悪そうだと言われた事で多少すっきりはしたが、占候補雑>>182>>183が俺から白く見えないのはしょうがない。
1日目,羊飼いカタリナ,村人,まとめぶん投げて落ち着いてみたらちょっと灰の印象変わってしまった。兵修：謎枠妙屋：口数は少ないけど自分の意見は持ってる枠長：村長RPのせいかもしれないけどなぜか黒く見える枠書：もう白でいいです枠旅：暗中模索で結論知らなそう枠年：勉強忙しい枠でやっぱり村長怪しく見えてきましたね。【●長○兵妙】に変えたくなったけど決定に影響するので反映しなくていいです
1日目,少年ペーター,村人,時間無い！あと二人です・・・えと、灰雑書いてる限り黒は全然出なくて、多分占い希望はその中でも灰色の【⚫︎妙○長】になると思います！
1日目,司書クララ,村人,本決定までに希望変更したいなら有りだと思うけど。そのための仮本だし。23時45分の最終結果で集計したら良いかと。年もまだだしね。ヤバい寝落ちしそう@1
1日目,羊飼いカタリナ,村人,って仮決定後に希望変えるとかちょっと反映されることを期待してるカタリナ黒い超黒い。。でもシモンヌをずっと灰で残すの不安なのは変わりないので兵でいいです仮決定了解です。
1日目,少女リーザ,人狼,【仮決定把握】です明日から学校なのであんまりこれないかも…と思ったけど今も同じような状態ですね宿題とか色々片付けてきます**
1日目,神父ジムゾン,占い師,【仮決定了解】対抗が希望してるからと反対したくないからシモンでもいいが、シモンも村長も俺からの疑惑が端発してるようで流れが少々怖い。希望変更はいいんじゃないか。その為の仮本に同意。吊回避がないのだから、不変固定なら仮要らない。
1日目,羊飼いカタリナ,村人,申し訳ないじゃあちゃっかり>>263で提出していいですか？本当すみません存分に疑ってくれて構いません。。パメラにも負担かけて申し訳ない。決定自動了解＠０
1日目,村長ヴァルター,村人,む、私に変更になるのかい？村の総意なら反対はしないけれども、そんなに黒く見えているのだろうか？私で本決定になっても、占い師２人から私の希望を出されている＝少なくとも人外のうち１人は私を占いたがっている。ということは忘れないでおいてほしい。@2
1日目,村娘パメラ,狂人,＼司羊長商神兵修屋娘旅妙年l者●長長修兵旅年兵妙兵年長妙l○兵兵兵長長長？長修屋修長l＿＿妙兵(9pt)長(11pt)ね。……合ってるか不安。
1日目,少年ペーター,村人,旅は流星群もそうだけど視点がすごくいい気がするっだけどたまにその質問いるかな、って思ったりする・・・だから、それは役職が分かってる狼の動きじゃ無いと思う！だから旅は非狼だと思いますっ！妙は>>227が白印象、頑張ってる感じがするでも発言少なくて色見にくい・・・うーん、灰。長は誰かが言ったようにレアケ追いすぎてたのがなんか印象的かも他に特に色見れるところが無い・・・
1日目,少年ペーター,村人,ごめんなさい、灰です・・・司は何この流星群何回降るんですか、みたいな感じです、はいw灰をよく見てる印象的があります。霊能を気にしてるのは狼と仮定したらなんか違和感が出てくるから、非狼感がします兵のハムスターさん？可愛いよねあ、違う違う、えーっと、ハムスターがいると思って発言した旨については、別に黒くは無いと思う、逆に微白要素。というか誰かこれに関して黒いって言った？
1日目,少年ペーター,村人,灰雑無理矢理に感じるかなぁ？僕の方が急いでるし考察書くスキル無いから余計無理矢理に思う。だから、微微白、かなw修は、《圧倒的ノイズ感》。でも視点とか考え方とか凄いと思う。なんていうか微白。屋はえっと、発言数は少なくても自分の意見はちゃんと持ってるから微微白、って感じです
1日目,少年ペーター,村人,羊さんは、もこもこしたい！違う！考察も流星群も凄い、ちゃんと灰見てる感じもして白い印象！なんだかこういう人好きですで、ほとんど皆さんの考察と被ってるのは、すみません。あとちゃんとした考察じゃなくて雑感になってしまったのもすみません。考察を書くと人のにつられてしまうのが癖で。でも、ミスリーしても頑張って勝ちます！
1日目,神父ジムゾン,占い師,村長>>270が薄黒いから、流れは怖いが村長でもいいように思えてきた。＠１
1日目,パン屋オットー,村人,リーザ>>255疑ってごめんなさい。開始から発言までの時間のこともあって、>>229>>231あたりで、白い白いと言われてたことに少し違和感を感じてしまって。他に占い対象も決められなくって今回はリーザにしました。
1日目,村娘パメラ,狂人,本決定時刻を過ぎてディーターさんも不在なので【占い先は村長ヴァルター】で決定ですね。……私が言ってしまっていいのかしら。ポイント順ならどうもこうもないのでしょうけど。
1日目,負傷兵シモン,狩人,やばい足生やすとこだったん、【決定把握】とりあえず俺は村長は褌派だと思う
1日目,行商人アルビン,人狼,娘>>271 村長11pt、兵9pt合ってますね村長、シモンどちらが黒いとかはあまり感じないですね私的にはどちらかというと白狙いな感じでしょうかシモン第一候補にあげたのもたまたま狐でからんだからですし
1日目,少年ペーター,村人,役職考察は多分絶対書けない時間無い！えっと、【本指定把握】しました！迷惑かけてしまい申し訳ございません！
1日目,旅人ニコラス,村人,【本決定把握】神>>262なるほどねーま、そりゃ自分のこと悪く言う相手のことは白く見えないし、神父さんはそういう傾向割とありそうだし、白く見えないのは全然仕方ないよ僕は単体神父さん真ぽいなと思うには思うんだけど、その分偽なら真目1人総取りとかが怖かったりするんだよね年>>272ぺ、ぺ、ペーターくん！それ確信つきすぎだよ！こ、こ、これはね、人物像考察の布石な、な、なのだよ！ @0
1日目,村長ヴァルター,村人,>>279シ、シモンくんはなぜそれを知っているのだね！アルビンくん、君が真占いなのなら、たまたま絡んだというだけでなく、しっかり考えて占い先に上げて欲しいと思うよ…。
1日目,村娘パメラ,狂人,村長は褌派、つまり占い結果で村長の褌の色がわかるということね？年頃の乙女に何を占わせるのよ……！
1日目,少年ペーター,村人,>>282旅なるほど！さっすがニコラスさん！僕に出来ないことを平然とやってのける！そこに痺れr(((((ごめんなさいm(_ _)m
1日目,パン屋オットー,村人,【決定把握しました】取りまとめていただきありがとうございます。
1日目,行商人アルビン,人狼,【本決定確認】です長>>283 中庸占いで村長とシモンかな？と考えたので第一第二の順番をどうしようかなって時の話です
1日目,負傷兵シモン,狩人,>>283 村長いや軒先に干してあるし>>284 パメラ俺はノーパンだから安心しろ寝起きだからちょい議事録読んでくる
1日目,神父ジムゾン,占い師,>>282そうじゃなく。具体箇所を挙げて偽言われて理解できれば別。どこがどうとも挙げずに、真っぽく見えてもスキルだよという風に読めたから、目立たず占騙り狼フォローとしてやりそうに思えた。【本決定は村長了解】＠０
1日目,村長ヴァルター,村人,>>284今から言っておくが、私の褌はシャイニングホワイトだ！なぜだか発言するたびに黒い黒い言われて悲しいのだけど、村のみんなには迷惑をかけてすまないね。どういう結果になっても、明日も私にできることをがんばるよ。＠0
2日目,少年ペーター,村人,ふぁぁぁぁ、おはようございますぅ・・・
2日目,村娘パメラ,狂人,ウチの家宝の水晶玉を覗いてみたわ。【村長さんの褌は白、人間】のようね。
2日目,行商人アルビン,人狼,水晶球むむむん！【村長は人間】でした
2日目,神父ジムゾン,占い師,判定順どうすればいいか確認していなかった。出していいのか？判定順も希望取るのか？なんて打っていたら対抗判定出ていたから出す。【村長人間】
2日目,司書クララ,村人,神来ないwとりあえず寝ます。お休みー。
2日目,村長ヴァルター,村人,【判定確認】確白か、割ってこなかったのだね。村のみんなは疑わせてしまってすまなかったね。私が確白になったことで視界が晴れるといいのだが。私はこれからまとめを手伝ってほうがいいのだろうか？しかし、まとめスキルに自信はないよ。
2日目,旅人ニコラス,村人,神>>289なるほど、神父さんの思考が分かった気がするよ僕としては偽って言ったつもりは無かったんだけどねペーター君の>>291はたぶんゲルトの代わりだね。タイミングといい内容といい、素晴らしい！....ゲルトーーー！！！！...ま、こんなもんで【占結果確認だよ】まぁ初日は確白になるもんだよね、しょうがないね、僕今日は早めに寝るねー**
2日目,負傷兵シモン,狩人,おいおい、ゲルトかよ………狩人はこの村にいないんじゃないのか？(もちろんこの意味わかってるよな？)ん、神父きた【もろかく】足の疼きが酷いから湯浴みして寝るわまたあとでな**
2日目,羊飼いカタリナ,村人,【村長確白確認】すみませんでした...（土下座でも村長灰に残ってたら私パッションで黒塗りしてたかもしれないから個人的によかった...。まとめもできたし。宜しくお願いします。神父そんが最後に遅れて出したのなんだろう。こういうので要素とるの嫌だけど真狼目かな。狂人なら割って出す最高の機会だったでしょ。眠いので寝ます。あとディータ、来てね。**
2日目,パン屋オットー,村人,【判定確認しました】私も疑ってごめんなさい。でも確白でよかった！ぜひまとめお願いします！頼りにしてます。今日はそろそろ寝ます。パン屋の朝は早いのです。**
2日目,村長ヴァルター,村人,さて、一応議題をおいておこうか。回答必須じゃなく、使いたい人だけ使ってもらえればいいよ。■1.能力者真贋（票割れてないし・優先度低めかな？）■2.灰考察■3.今日の吊り先■4.今日の占い先と占い方法ミスリードするのが怖いので、私はできるだけ思考隠しをするようにするよ。
2日目,神父ジムゾン,占い師,>>297偽と言ったとは言っていない。偽と言わずに印象だけ下げられたように感じた。決定反応白くないし、初日黒引きもあるかと思ったんだがな。まとめ役どうするかは村長・ディーターで相談すれば。>>299そこで考えられたくないから判定順欲しかったのだがな。毎日更新べったり貼りつく期待されても大変だから、決定の時に判定順も言ってほしい。就寝。
2日目,村娘パメラ,狂人,同時発表なら順番は無いわよね？村長はディタさんと一緒にまとめ役をお願いしたいわね。ディタさんが来てくれるといいのだけど……**
2日目,ならず者ディーター,霊能者,あー、ごめん寝てたもし真狼狼があったとしてもヴァルター非狂目だからヴァルター進行でもいいかなって思ってるぜ。ジムゾンも非狂目かな。占い結果遅れてきて狂アピ出来る大チャンスを逃したわけだからな。★ジムゾン　2-2より3-1の方が狼利と考えてるみたいだが、2-2と3-1のメリデメリ挙げれるか？俺的には逆な気がするんだけど。この質問はジムゾン以外も答えていいぞ。あとこれも聞いておこうか
2日目,ならず者ディーター,霊能者,★真狼狼のメリット挙げれる奴いるか？
2日目,ならず者ディーター,霊能者,吊りをどうするかも決めないといけないな。今日から占いロラしたら三日後には7人で2人外。それも狼が選んだ7人。今日は灰を吊って明日から占い真切って行って決め打ち成功すればだいぶ楽だが失敗すればほぼ負け。今日灰吊ったら占い師が噛まれた、ってなったらロラに切り替えてまた7人2人外になるがこの7人は少し村も選んだ7人。迷うぜ
2日目,負傷兵シモン,狩人,おはようさん>>305 ディッキー☆盤面操作しやすい、あとは片方狂人置きで生き残れたりする、 か？ 凸無し1-2とかじゃねーと占い真確ってできないだろ、ある程の状況じゃなきゃ。共有も狐も居ない訳だし、俺ちゃんみたいな推理力ない奴は騙されるかも。真→狩→霊で抜けると理想か？ 俺の認識そんな感じ。あと、潜伏狼が割と鍵を握る気がする。
2日目,負傷兵シモン,狩人,>>0304 ディッキー2-2…護衛先ブレ、霊ロラで縄減らし3-1狂人がんば、灰が噛みやすい占いロラか……狩人露出しにくくなるが噛みが狩→霊だと悲惨だわな灰殴り勝てる自信ないわー。ヤバイー。わりと3番が魅力的だけどちょい考えて来る
2日目,シスターフリーデル,人狼,>>306全パターン発表お疲れさまですわ私は3番目の占粗大ゴミ理論で占を狼に抜かせてってやりたかったのですけれど、やるには真を吊るせないかもと狼に思わせる必要があったのですよね意図を言わずにやるつもりでしたけれど、まぁ、しょうがないですわね
2日目,シスターフリーデル,人狼,★真狼狼のメリット挙げれる奴いるか？☆黒ストの占ロラになれば真狼での疑似2-1での信用勝負に持ち込めるレアケだけれど、狼が意図的に作れるため村への混乱を容易く与えることができるここら辺ですわね
2日目,行商人アルビン,人狼,おはようございます【村長確白】確認ほかの2人も白で判定は割れなかったですね今日から吊られたり、狼に襲撃されたりする可能性もあるんですよね…
2日目,神父ジムゾン,占い師,起床。>>3043-1は俺が早死にしそうだからだ>>305即真占が判明、狂視で生き残るとかじゃないか。あとは狂人が潜伏か霊かにより変わりそうだな。
2日目,司書クララ,村人,おは【長確白把握】割と黒見てたので2黒とか期待してたｗ（すまぬ）狂人も黒出しにくい位置だったろうし、結果確白は価値あるでしょ。ディ太と協力お願いね。者>>305☆狼が占い2騙りを選択するかって話なら可能性は低いと思う。少なくとも書者は翌朝まで無発言。下手すると4-1まである状況。娘神商を狼狼（真狂）でパターン分けして初日夜明けの状況想定しても狼が2騙りを選択したとは考え辛いかなぁ。
2日目,神父ジムゾン,占い師,今回は３−１なのだから、占狼２騙りだと潜伏狂人になってしまうしな。潜伏狂人はどこなのかになるが、シモンの狐が狂アピだったかフリーデルのノイズ厭わなさぐらいしか思いつかないが。パメラアルビンが勢いで2人出そうかといえばそうも見えない。狼2騙りはほぼないと考える。
2日目,司書クララ,村人,者>>304☆村視点、全ロラ考慮なら4縄の2-2より3縄の3-1の方が有利かと。けど、占い師視点なら3-1よりは2-2かな。2-2の方が護衛取りやすい、初手霊ロラから入っても、喰われなきゃ最低3日は判定落とせる。ジム視点なら2-2の方が良いのは理解できるし、真要素に見えるけど。お昼食べたら夕方までぽつぽつ落としてこ。
2日目,神父ジムゾン,占い師,２−２でライン戦になったとしても、破綻してくれるかもしれないしな。>>315成程。全ロラが前提での縄数の話だったのか。早期に占襲撃くると考えてたから占縄３という思考がなかったぞ。村長も、そう言って３−１が良かったと返答きたなら疑わなかったかもしれないのにと過ったが今更か。村長人間だったが、決定へのカタリナの迷い方は人間のように思えた。
2日目,司書クララ,村人,とりあえず屋妙から。オトは白より灰。>>207「みんな疑わしく思えない」>>244「赤窓疑惑で妙疑い、庇った羊も少し疑い、でも羊【●妙】見て羊が妙を庇っていたわけでは無そう、良かった」>>277「妙疑いごめん。赤窓疑惑と羊長の「妙白い」発言の違和感、他が怪しく見えないから【●妙○長】」思考の流れに違和感ないし、繋がって見えた。屋狼なら寡黙気味の妙を標的にした可能性はあるかも。
2日目,司書クララ,村人,でも、羊への唐突な屋>>228「妙の開始直後の～」とか屋なりに狼探してる感ある。もっと話して。リザも白より灰。リザなりに思考してると思うのよね。占い師への質問（>>156）から>>199「CO順とかで内訳予想できるかなと思った」とか。>>199下段「あああ　結局みんなと～」とか割と切実な村の叫びで>>227「人の意見に左右されたくない」と繋がる感じ。リザも村なら発言ガンバ。
2日目,司書クララ,村人,リデル、灰。素黒っぽい。白拾えないから相対的にGSは下がる。でも>>121「灰吊りを～」とか>>309「占い抜かせたい」とかはヤル気あるね。けど、狼探してる感はないので発言見たい。シモ、直吊り枠。見直したら狼全然探してないわ。何を考えているのか思考追えないし。>>206の灰雑はまあ良いとして「出さないと怒られそう」って誰にだよｗｗｗ占い師2人の●なんで白の可能性も。てか、狼探せ。
2日目,少女リーザ,人狼,こんにちはー　【村長確白確認】　寝落ちしそうなので今更ながら雑感でも羊 現状一番信頼できる人　頭柔らかそうでいろいろなことに対応できそうだから村を引っ張ってくれそう旅 能力者関連の話題にかかわってることが多いかな　でも寡黙気味の人にフォローして情報引き出そうとしてるから白め年 経験者みたいだけど宿題大変なのかな　時間無い中考察お疲れ様です　時間できたときの発言に期待
2日目,少女リーザ,人狼,司 村をよくみてるし橋渡し役になってくれそう　白め尼 余裕ありそうだなーと　今日の発言に期待娘 印象薄め　私がいえる立場じゃないけどもう少し発言あると嬉しい　それとも占って発言しないのが普通なのかな神 真≧狼＞狂　今のところ一番がんばってそうだから真であって欲しいなと思う商 えっとえっと…　シンプル is best！屋 視野広い人は大事だと思うから個人的にがんばって欲しい　微白印象
2日目,少女リーザ,人狼,兵 皆が占い希望出してたのは白なら村の役にたちそうだから　でいいんだよね？私は発言ミスくらい普通にあると思うし特に黒くは感じないかなと思ってたんだけど狼探してませんでしたっけ　見直してきます　また夜にでも**
2日目,村娘パメラ,狂人,できるだけ実のある発言をしていきたいとは思っているのだけど、なかなか難しくて。がんばるわ。旅羊司はしっかり喋っていて白印象、ここはとりあえず占わなくてもいい枠かしら。灰吊りなら寡黙吊りがいいわ。占いロラを今日から始めるのは、黒引けてない身としてはあまり気が進まないけれど、ロラ始めるのが遅くなって縄が足りなくなるよりはいいのかな。
2日目,負傷兵シモン,狩人,村娘 黒狙い 中庸狼から→兵長神父 臨機応変ロック早め→対抗どうにかしたい白期待黒懸念枠→旅長(兵)商人 黒狙い中庸狙い白狙い→兵長
2日目,負傷兵シモン,狩人,商人の変化が気になるかな、世論気にしてる感じで。理由が結局狼探しではなくなってるし、誤爆怖い狂人かな、とも思えたり。神父狂人は確かにパンダ出来る時に会えてしろ出すことで狼目をあげに来た狂人か、村娘はだいたいご主人の検討ついてそうだから狂人目は低め
2日目,負傷兵シモン,狩人,>>263 羊★占希望はどんな基準でだしてる？>>212 兵年 旅司を占枠に書ける余裕ない、村長ボロだし期待感 、尼→明日の発言みたい>>241 兵妙 妙 初喉より白置き→間があるから黒？>>263 長兵妙 長 発言怪しいから謎枠の黒懸念解消なのか違うのか、わりと対話から黒要素得るタイプだと思うんだけどそれだと村長占った理由微妙
2日目,負傷兵シモン,狩人,旅人は違和感押し、んで司書……おい酷い、俺ちゃんのこと嫌いそうだからも一回見てくる。俺初日からやる気出す人で灰雑ないのでばっくれようと思ったけど>>204。灰雑初日から色付けれるやつは凄いと思うわ。この辺は地域差か個人差が………まぁ俺は俺なので自由にやりますよっと。
2日目,司書クララ,村人,ペタペタ村っぽい。年>>113で娘占CO把握して>>114神占CO>>115商占CO年>>119「え、えーっと、3-0把握」これ（>>119）は>>160「ほわーと2-1か2-2かな」>>184「2-1、2-2が多かった」って意識からの発言で、想定外の3-0が「え、えーっと」に繋がると思うのよね。陣形作る側に見えない。年狼なら3COは想定内でしょ。
2日目,司書クララ,村人,「え、えーっと」なんて反応を狼がするかね？年村で見えてることに素直に反応してるだけの方がしっくりくる。村置き。リナは発言、思考追いやすくて曲げてる感なし、狼探してる、村人としてやれることをやってる、と素白いわ。村人仮定で動き発言に違和感ないし、能力処理かける必要感じないでふ。
2日目,負傷兵シモン,狩人,パン屋少年少女は整理釣り枠なんだけど微妙に精査できてない感じだからもうちょい発言みたいまた夜に**
2日目,司書クララ,村人,シモヘイ>>327私、シモヘイのこと嫌いじゃないよ。タイプじゃないけどｗ14人村で縄きつめでしょ。初日ヤル気しないとか言ってる場合じゃないよ？その辺の危機感の無さは村人っぽくないよね。あと>>254「意訳すると「兵黒い」か？」とかの防御感？なに由来？狼要素よりは性格要素な気がするけど黒目に見えるのも事実なので兵村なら頑張って。けど占い師2人の●がなー。これは村な予感なのよね。
2日目,司書クララ,村人,ニコニコは灰置きにしとく。>>130の呼びかけと微白く見えるけど、他でここ白いとか村っぽいとこは拾えてないかな。読み返すと、初日で仕方ないのかもしれないけど、結局どこ疑ってるの？って感想。ニコ村ならここから伸びるだろうから引き続き発言から判断したい。
2日目,神父ジムゾン,占い師,>>324対抗どうにかしたいってなんだろう？>>327違和感押し？>>325真が見あたらない(笑)偽者だった時の正体予想か。シモン推理発言やっと増えたが、自分も疑い集めていて３人も整理枠に別けたらシモンの中で縄足りてるか気になったぐらいで、印象上がらなかったな。クララ考察は頷ける事項多く信じたくなる。クララのニコラス考察期待してたが灰置きなんだな。
2日目,少年ペーター,村人,わぁ・・・ゲルトさん・・・良い人でしたよね・・・あと、確白把握、です>>294の神父は違和感というか疑わしいというか、うーん、言語化できないよ・・・村置きして貰えるのは嬉しいんだけど、若干メタっぽいから悔しいかなぁ
2日目,神父ジムゾン,占い師,>>331パメラアルビンのシモン希望は俺も気になってたから見直したんだが、アルビンからの希望理由が何目線なのかが引っ掛かる。アルビンとしては自分が真なんだから>>226ライン切り疑惑に白黒も何もないんじゃないのか。村としては白確定か対抗占が白出ししないと払拭されないだろう。ライン疑われたから仲間を切るのもあると考えていたが、他からシモンに白が出る思考があるようにも思えてきた。
2日目,少年ペーター,村人,ああっ、村置き云々は司>>329だよ
2日目,神父ジムゾン,占い師,>>334メタ白が嫌なら、そういう言語化を頑張れあと、丁度いいから言っておくけど俺は順指定されないなら最後に判定出したいって思ってるぞ。
2日目,司書クララ,村人,占い師。今のところ神＞＞＞娘商ってくらい信用に差があるかな。娘商は不馴れ感を差し引いても「水晶玉持ってる感」が薄い。屋妙も不馴れ感あるけど「何とかしたい」って感じ受けない？娘商は何故かそれが感じられないから、どうしても信用度が下がる。
2日目,司書クララ,村人,較べて神は自分に出来ることをしっかりやってる。>>180「注意されたから、反省すべき行為なのか検討」>>215「者を助けることも必要」占いの使いかたも>>230「者がまとめ難しそうだから、黒狙いつつ白確したらまとめできそうなところ」>>262「●旅は、自分が死んだら時に吊逃しそうで占っておきたい」とか自分の能力を村のためにって意識が有る。
2日目,司書クララ,村人,あと神>>316「襲撃に意識が行ってロラ縄3が意識になかった」これは偽が偽装しにくい発言に見えるし、村長を疑ったことへの後悔も偽装しにくい部分。神の分かりにくさは自分基点での発言・疑いが多いことと、言葉が少し足りないところだと思うわ。以上の点からの神真押しです。ペタペタ>>334いや別にメタでも何でも無くない？意識の向き方を私なりに精査してるだけ。ペタが村かはまだ分かんないし。
2日目,神父ジムゾン,占い師,アルビン狼ならシモンとの疑惑が深くなるのか、アルビン狼ならシモン白漏れと捉えるべきかが分からなくなってきたな。しかし少なくともアルビン狂なら茶番疑惑はなくなるな。▼アルビン希望にしよう。▼アルビンなら、シモンは占い先から一旦外す。
2日目,羊飼いカタリナ,村人,鳩からめぇ◎(・（×）・)◎ノ ★返しだけ。兵>>326☆まず消去法で絞り込んでから、黒狙いで選ぶ。消去法で除外される人は、・長生きして欲しい便利枠(戦略や手順に強い人や、議事読込みが深い人)・直吊り止むなし寡黙枠>>212時点、便利枠は書旅。寡黙枠は屋妙。となると兵修長年の中から選ぶことになる。
2日目,羊飼いカタリナ,村人,黒狙いなら皆からも突っ込まれてた兵長になるけど、皆怪しいとか言ってると希望外したくなる天邪鬼が働き、単体考察を頑張っていた長を便利枠に投げ込み、●兵。修はふざけすぎで赤窓背負ってるように見えないので除外し、2dから状況考察頑張れよのメッセージを込めたコメントを出してから、消去法の○年。
2日目,羊飼いカタリナ,村人,>>241時点妙が頑張りだし、修の方が整理吊りされるに相応しいと思い、妙も占い候補に変更。黒狙いなら赤窓相談疑惑で○年→○妙。>>263時点兵が希望出しの時間になってもふざけすぎ、初手占いは避けたいであろう狼に見えず占い避けたくなる。屋は>>228>>224で私にカマカケ?してきたところが、灰を適当に黒塗りしたいであろう狼に見えず。年は寡黙枠に行きそうだから、もう黒狙いで長でいいんじゃね
2日目,羊飼いカタリナ,村人,？なんか潜ってる感じするし？で●長。長くなっちゃったけど、こんな感じでずっとぐるぐるしてたよ…。そんで私は本来対話型ではないんだよなぁ…w各々が喋りたいことを勝手に喋ってくれる方が見やすいと思ってるけど、寡黙枠と謎枠全員吊る余裕ないじゃん。だからちょっとだけ★頑張っただけよ…
2日目,司書クララ,村人,以上、時間切れー。あとは鳩から。者>>306とりあえず進行は2番押し。個人的には今日神決め打つくらいでも良いと思ってる。外して負ける怖さはわかるから強くは押さない。
2日目,羊飼いカタリナ,村人,あーあとクララも言ってるけどシモンヌは占い師２人からの●があったの見て村の可能性高いなと思った。これは私の妄想だけど、パメラ狂が神父真だと思ってアルビン狼に希望被せたとするとしっくり来たのよね。
2日目,羊飼いカタリナ,村人,あー今日は灰吊りでいいんじゃないでしょうか。いま占いは神父が圧倒的真視だと思うし、いずれ決め打つにしても、もう一回全員の判定見てみてからのが情報落ちて良い気がする。今日明日吊りミスしてもまだ負けないです。よね？希望出しは箱前ついてからするのでもうちょい遅くなるます**
2日目,負傷兵シモン,狩人,>>345 カタリナ thx>>31 >>33 パメラ ジミ確かに14人、思っていた以上に縄キツくて整理吊りできる余裕ない黒目直吊りだわと理解。不快な思いさせてたら悪かった。しかしながら故障品の俺はいまげ全く狼の検討が付いてないのでまたあとで来る**
2日目,羊飼いカタリナ,村人,鳩一撃議題■4今日の占い方法なんだけど、自由占い希望。ジムゾンにとっては発表方法に気を遣わなくていいし、アルビンパメラにとっても真贋差ひっくり返す機会だからいいんじゃないとか思いました。どこに何出すかで見えてくるものがあるはず。ちなみに統一占いした場合、ジムゾンから黒出たら即吊り、白出たら放置の未来が見えたのもあります。
2日目,村長ヴァルター,村人,ぐっどいぶにんぐ！えぶりわん！今日の方針決めのために議題を置いておくよ。全員から回答もらいたいよ。■1 今日の吊り先：占いローラーor灰吊り■2 今日の占い方法：統一or自由今朝も言ったけど、私はまとめスキルに自信がないから、何か問題点あれば指摘してほしいよ。
2日目,行商人アルビン,人狼,こんばんは神>>335 直前で目に付いたシモンの勘違いに触れただけなのに白黒の判断要素って言われて困惑してただけです…あまり信用されてないみたいですがこれからがんばるしかないですね…昨日あげた兵長で差は無いと感じてたので占い先は他を見たほうが良さそうかなとおもってます。とはいえここが黒いとか言えるほどではないんですが
2日目,旅人ニコラス,村人,ただいまー僕疲れたよ...僕直近カタリナが見えたから明言しておくと、統一を強く押しとくよ。初日から自由なら自由で良かったけど、初日も言ったけど自由は人外が非常に動きやすい。今日は2日目、狂人もそろそろ偽黒出すか悩む時期、狼も確白をこれ以上増やしたくないから黒出すか迷う時期。少なくとも4日目までには絶対黒なり偽黒は出ると思うよ、占が生きてればの話だけど。>>350のカタリナの自由推しは、カタリナの
2日目,旅人ニコラス,村人,今までの占考察によっては、自由やりたい狼の誘導と見るよ。で、吊りさきは3-1の進行よく分かんないんだけど、とりあえず手数計算して占ロラ必要なさそうなら僕灰吊りを推すよ。なんか占決め打ち思考の人多いけど僕かなり心配してるよ。しかもどうせ真占は噛まれるでしょ、って僕は思ってるよ。で、僕占い師考察と灰考察どっちもやるとへたれちゃうよ...どっち先にやったらいいと思うー？てか皆がどっち聞きたいのかな？
2日目,旅人ニコラス,村人,者>>305　☆とりあえずこれ森の散歩中ずっと考えてたから落としとくね。盤面つくるのは狼だから、狼側メリット･真占確定抜きができる。･占黒ストなら終盤まで占狼が生き残れる→灰狼・狂が巧くやって3回村を吊ればpp･占判定出しの意思疎通が可能。黒誤爆はないし、村人に2人とも黒出し→白黒黒ならほぼ確実にその村人を吊れる→この後霊が抜ければ最高･灰狼の絶対数が少ないため、狼にとって脅威となる占は怖
2日目,旅人ニコラス,村人,くない･狂人が残ればppもありえる、うまくいけばまとめ乗っ取り嵌れば強いけど、村側がどんな戦術を取るかに勝敗が左右される。今回coタイミング的におそらく真狼狼はありえない。真狼狼だったとして、そんな戦術を取る狼には勝てそう。で、者>>304　3-1で最も狼有利なことは、真占が抜きやすいこと。確霊を守る狩もいるから、そうなれば占はガラ空き。しかも候補3人いるからブラせる。
2日目,羊飼いカタリナ,村人,旅>>353なんで疲れてるの？私は私なりの進行提案しただけど、ニコラスはそれを誘導と捉えるのね。 自由占いのデメリまで考えてなかったのは申し訳無いけど、だから戦略に詳しそうなニコを灰においときたいと思ったんだよね。それで思い出した、占い師は商娘が神父の発表順番なら最後に出したい発言見て何も反論しないのが真ぽくない。でもまた神父がまた最後だとバランス悪くないかと思ったけどご意見よろ。
2日目,旅人ニコラス,村人,羊>>357もーかたりん聞いてー！今日森を歩いてたらすごく気分悪くなるようなことがあって、疲れちゃったんだよ。...これで伝わるかな？その誘導うんぬんは、僕の主観だよ。でも、ちゃんとかたりんの占い師の触れ方を見てからそれが誘導なのか誘導じゃないのか判断させて貰うよ！別に僕は、黒塗りがしたいわけじゃないからね。かたりんの自由の理由も把握してるし理解はしてるよ。
2日目,神父ジムゾン,占い師,>>348クララは真視だとは感じてたが、圧倒的真視と言われて驚いた。カタリナ個人か村でかどっちだろう。自由占いが真贋差ひっくり返す機会と、統一で白出たら放置になるというのが分からないな。俺の白だがパンダということだろう？占先にもよるだろうが霊生存なら吊りになりそうだし、村としてはそれが占真贋覆えす機会としそうに思うぞ。
2日目,パン屋オットー,村人,遅くなりましたが、今お仕事終わりました。これから村に帰りながら議事録読みます！
2日目,村娘パメラ,狂人,羊>>357同時発表って流れで１人遅れてる時点でもやもやしてた。環境の問題もあるだろうし突っ込んでも仕方がないかな、とも思って言わなかったの。明日順番を決めて発表するなら、今日の順番とは変えてみたほうがいいかも。1,灰吊り、2,統一占い を希望したいわ。もし占いロラを始めるなら自由占いで。
2日目,旅人ニコラス,村人,神>>302　おーけー！とりあえず僕にその気は無かったらこれ以上言いたいことはないよーあ、で、占いね。皆はさ、神真なら、狼どこだと考えてるのかな？みんなの考察読んでると、真ぽいからとか、発言少ないからとかやる気なさそうだからとか、そういうのが多いけど、それで占真決め打てるならたいしたもんだと思うよ。狼占はきっと自分から出てきただろうから、騙る自信ないなら出てくるか疑問なんだよね。僕が慎重すぎる
2日目,旅人ニコラス,村人,のかな？ただ狼ならどうどうと占真決め打ちにいくのも謎だけど、答知ってる故なの？神は絡んだ先疑うように見えてるかもしれない(神ごめんね)から、神真なら擦り寄っとこうとか？ちなみに僕は全員=だよ、僕占い師ほとんど見てないからね。娘>>361★発表順どういう風にしたい？後、占ロラならどういう順番がいい？★なんで占ロラなら自由占いがいいの？
2日目,神父ジムゾン,占い師,>>354灰吊りを推すなら灰考察を重視したらいいんじゃないのか？狂の黒出しは判定割る方がラクそうだが理由になるのか？自由占だと俺の占い先はニコラスの予測立つだろうから、ニコラスが統一推しなのは白く見えないな。統一占メリットは分かるから黒いというわけじゃないけど。>>361同時発表って流れだったのか？俺は即出しや時間指定無理だと言っておいたから違うつもりだったけど。それは悪かったな。
2日目,村娘パメラ,狂人,兵>>325 「村娘はだいたいご主人の検討ついてそうだから狂人目は低め」っていうのがよくわからないので余裕があれば説明してほしい。旅>>363☆発表順は私が最初に出たし、次は最後とか？ ロラは対抗から、って言うしかないんだけど、神真視してる人が多いならアルビンからになる、かな。☆うっかり真占を吊ってる可能性も考えたら、残った占い師の信憑性は低いというかあまりアテにならないと思うのだけど。
2日目,旅人ニコラス,村人,神>>364　狂が割ったらそこ偽は分かっちゃうからねー.まぁ斑吊ることになるなら意味はありそうだけど神自由なら僕占なんだ？ごめんそこまでロックされてる自覚は無かったwwまぁ神から僕に黒出るんなら是非自由占にして欲しいね、白が出ないなら統一で結構だなーていうか僕今思ったけど、神と一緒に占候補になりたかったなー、その場合神と僕の仲は悪くなりそうだけどねーなんか今の占候補見てるとうずうずしてくるよ。
2日目,村娘パメラ,狂人,それなら自由に占ってもらって、占い先も見るほうがラインなんかが見えてくるかな……って。神>>364そう言ってたのも見えてたから無理かなとも思ってはいたのよ。こちらこそごめんね。
2日目,神父ジムゾン,占い師,他からは白視されてそうなのに、今日も全然ニコラス白く見えない。困ったな。占い全員＝なのに神真なら擦り寄ろうか？という思考も理解できないし、占い師ほとんど見てなくて灰吊り推しなのに占灰どっちの考察出すか聞くのも分からない。絡んだ先疑うというけど、ニコラスが気になって絡みにいったのは俺からになる筈だし、気になって話すのだからそこが疑い先になる可能性高いのは仕方なくないか。
2日目,少年ペーター,村人,順番変えて占い結果発表するのは村からしたらメリットほぼ無いと思いますメリットあるのは真や狼に便乗して出す事ができる狂人だけだと思うんですが・・・僕が思うのは発言解禁から同時発表まで5分でも良いんで時間取って各占い候補がいるかどうか確認すれば良いと思うんです1喉それで消費する、っていうのは勿体無いと思うかもしれませんが・・・
2日目,旅人ニコラス,村人,>>366の4行目×白が出ないなら→白が出るならなんか占についてたらたら喋ってたら、喉が源泉掛け流し並に消えてくよー...娘>>365　うーんぱめらんは、真視貰いたいよね？...当たり前か。神とぱめぱめの違うのは、占い師の視点があるかないかなんだよね。回答はありがとう。神>>368　擦り寄りのやつは僕じゃなくて他の人だよ。だって灰考察めんどくさいじゃん！占見たら考えも変わるかもしれないしー？
2日目,旅人ニコラス,村人,傾向だよ傾向、後薄い要素でロックされてるように僕は感じてるから、ちょっとね、僕的に納得できてない。もーなんか神にはつっかかりたくなるんだよ、お互いに思考パターン違うから相手の思考理解できなくて、お互いに『なんで分かってくれないんだよ！！ぼけなす！！！』っていうのが今の状態のような気もするね。あ、神は思ってないかもしれないけどねー！神と話すと喉がとけていく法則...誰かさん灰考察しろって怒られそう
2日目,神父ジムゾン,占い師,>>366俺の事はいいから、灰吊りたいなら黒灰のこと話せよ>>369これは前に言ってたのを言語化したものだろうか？占い師候補いるか確認とは関係なくて、俺が物理上時間ピッタリに出すのが難しいんだ。ペーターがやってほしかったなら謝るしかないけれど、他部分の努力はしてるつもりだからそこは諦めて欲しい。
2日目,村長ヴァルター,村人,現状希望出してくれてるのは、■1　灰吊り：書・羊・娘　占いロラ：０？■2　統一：旅・娘　自由：羊ってとこかな？決定時間が迫ってきているけど、希望出しが少なくて村長心配だよ。そして私の命も風前の灯火だよ。
2日目,行商人アルビン,人狼,確かに狂人は他の人の判定見てから出したくなるはずですよねなんで神父さんは最後に出すのが希望なんでしょうか？発表の順番はそんなに重要でもないと思ってるので環境の問題もありますし、神父さんがそうしたいなら別にそれでもいいですけど
2日目,行商人アルビン,人狼,村長>>373占いロラは今日の結果見てからにお願いしたいので灰吊りで今日は統一でいいんじゃないでしょうか。占い3人で自由占いってやったこと無いんですが、自分が素村だったら人外の白黒で混乱させられそうです。
2日目,司書クララ,村人,リナ>>357下段で要素取るのはおすすめしないかな。娘商は時間合わせる努力してる。神が時間合わせなかった事に対して面白くないのは当たり前だと思うし、娘商の性格的に反論しなかった可能性もある。神>>372だから出来る範囲で同時出しに努力して欲しいと昨日言ったんだけどね。鳩でピッタリが難しいのはわかるから。出来る範囲で0時18分の結果出しは出来る？意図的に最後に出すとかしない前提で。
2日目,少年ペーター,村人,>>372神あぁ、えーっと、>>369は違うくって>>365の娘に対する意見というかなんというかそんな感じのやつですっ！あと占雑感（という名の推理）神昨日今日と思考しっかりと持ってる感じもするし開示もしてるけど・・・>>294の遅れた結果開示が引っかかってるのは同時発表ってみんな結構言ってて神父さんはちゃんと読んでたと思うのに遅れて出したのは狂だから色見たのかな、っていう考えが頭の隅
2日目,少年ペーター,村人,にあったからでした・・・皆さんの意見に引っ張られて真=狂>狼です娘は>>365の最後に発表したい発言の理由がなんか簡単過ぎて引っかかります・・・本当にそう思ってやったのか狂人だからこその考え方なのか・・・表とか作ってたのは好印象です狂≧真＞狼商は灰を見てる感じはします、でもなんていうか・・・僕が言えることじゃない無いけど発言が少なくてなんとも言えない・・・相対的に狼>狂=真です
2日目,村長ヴァルター,村人,あまり希望がきていないけど、仮決定まで1時間に迫っているし今日の方針を決めるよ。■1　吊り先は灰吊りにしよう。で、占い方法は決めかねている。一応統一希望が多いが、人外濃度の高い占い師から統一に2票入っているからね。できれば灰の人は自由占いか、統一占いか希望を出してほしい。
2日目,羊飼いカタリナ,村人,やっと箱前帰宅めぇ。時間ヤバイぞー！旅が対神対応で昨日の村長みたいになってるの把握。神>>359みんな印象論だと神父真視だと思ってたけどこれ私の主観入ってそうだわごめん。前者は占い理由と色づけで占い師の思考の一貫性ややる気の有無が見られると思ったから。後者は神真で神の白吊って神噛まれる最悪パターンが頭に浮かんだからこれ主観ね。書>>376確かに性格要素無視してた。了解です。
2日目,旅人ニコラス,村人,>>372　それ僕も思ったわーオットー:自分では同調しやすいって言ってたけど、自分の意見出せてるね。しかも内容、僕は結構好きだよ。>>207の『疑わしく思えない』は黒要素。狼は答を知っているから、村人は黒くみえないし、当然仲間を黒いという訳にもいかない。だからどうしても疑い先が無くなりがち。妙羊との対話は、白黒要素どちらもある。>>228の思考があるのに、妙に違和感を感じるまでの思考過程は分から
2日目,旅人ニコラス,村人,ない。ただ、>>244で妙から羊まで疑いをのばせるのは白要素。自分が疑う人からラインを疑うのは自然で、答を知っている狼、とくに(失礼ですが)初心者狼はできなさそう。　これらを総合的に考えて、僕はここ強く吊りたい気持ちはないな。他にいないなら吊り補欠で、って感じ。りざたん:白い評が多かったけど、僕の精度の悪い考察ではあまり白くは見えなかった...かな。>>199の長疑いは、妙が他の参加者から白要素
2日目,旅人ニコラス,村人,ばかりとっているのとは矛盾してると思う。特に>>255で自分を疑ってきた屋を視野が広いと評価している。ここから、妙は疑い返しをしない素直な視点で村を見れる人だと感じた。そこと長の評価が、どうしても矛盾しているように感じる。あまり理由という理由もないし。言語化できないのは、答を知っている狼かと邪推。>>227で『人の意見に流されやすい』とあるから村の意見に流されたのかもしれないけど、それでもやはり視
2日目,旅人ニコラス,村人,野の広さに矛盾がある。流されたのなら、なぜ兵は疑わなくて長は疑ったのかも謎。ここ、占吊処理したら黒出るかもしれないと、ボクの考察は言っているよ。ね、喉足りないよやっぱり。誰か僕にあと10喉くれない？
2日目,神父ジムゾン,占い師,>>337風前の灯火で耀け村長希望はもう出しているけど▼アルビンオットー、フリーデル、リーザ発言を待ってるうちに俺の時間切れに自由占になる可能性あるなら、占希望出さない方がいいんだろうか？>>374狂人は他判定見てから出したいだろうから、先に出したくない>>376今日その挑戦するには電車降りて待ってなきゃいけなくなりそう...
2日目,村長ヴァルター,村人,確白の私が質問飛ばしちゃっていいのかわからないけど、1つだけ気になっていたことがあるから聞いておこう。オットーくん★>>300で、村長が確白でよかった。と言っているけど、なぜ「確白でよかった」と思ったのだろう？あとしつこくて悪いが、灰の人は占い方法の希望を出してほしいよ。
2日目,負傷兵シモン,狩人,まだ灰見てないけど自由・灰吊りで今日噛まれ懸念あるなら、そこ占い師の個性出んだろって理由
2日目,司書クララ,村人,長>>379個人的には自由。でも、灰全員が自由に対応出来るとは思えないのよね。先を見据えると、確定情報かそれに近い情報が残った方が考えやすいと思うから統一にしとく。神>>385それはすまんかったw昨日のことを考えると、今日は神先だし希望。娘商にフェアじゃないしってのもある。私のプレイヤー要素と思ってくらはい。方針はまとめに任せるけど。
2日目,司書クララ,村人,そろそろ希望出さないと長が泣くね。【●妙○屋】【▼修▽兵】とりあえず先のこと考えると妙屋のどちらかは占なって色付けたい。正直どちらでも良い。吊りはGS下位から。兵はやる気少し出してるから▼修優先。
2日目,村娘パメラ,狂人,年>>378真占の「人外に便乗されないように最後がいい」って考えと、人外占の「真結果に便乗するために最後がいい」って考えは、村視点だと(たぶん)今は見分けがつかないわけで。神真決め打つなら順番は変えなくていいのだろうけど、そうじゃないなら順番を入れ替えて結果を見て欲しいわ。
2日目,神父ジムゾン,占い師,>>388>>374とか言ってるアルビンはともかくパメラには悪かったと思ってるし、プレイヤー要素も理解できるからいいよ。それなら生きてたらできるだけ早く出すが、更新後３～１５分ぐらいは大きな心で待ってほしい。カタリナの思い込み性格は自然に思える。リーザの今日の灰考察には狼がいないな。@５
2日目,村長ヴァルター,村人,さて、仮決定30分前なので方針を決定するよ。■1　灰吊り■2　統一占いでいこうと思う、吊り・占い共に昨日と同じpt制で集計するので、みんな第二希望まで出してほしい。よろしく頼むよ。占い判定発表に関しては、ジムゾンくんが夜明けできる範囲で早めに発表、その後にアルビンくん、パメラちゃんの順で発表してもらえればと思う。
2日目,パン屋オットー,村人,まだ読み込めてないけど、少しずつ発言します！村長>>386☆黒が出てほしかった気持ちもありますが、確白なら安心してまとめをお願いできると思ったからです。者は発言なかったですし…村長は発言も多いからおまかせできるかなってことでの発言です！
2日目,パン屋オットー,村人,ちょっと前のほうに戻るけど、ニコラス>>251妙尼は占い当てる位置じゃないから考察省く、と屋は今日占う位置じゃないけど消去法で○屋、が少し気になりました。妙尼と僕の違いをもう少し詳しく教えていただけたらと思います！理由見落としてたらすみません。
2日目,旅人ニコラス,村人,>>384書き忘れ　妙は長の判定から思考展開がないのも、違和感感じたかな。後灰考年→できたら羊でいく。尼はあんまり見るきしないんだよね、悪口じゃないよ。別に黒いようにも見えないし。ぺったん:んー僕への返答周りが気になるのは許してくれ。>>136で今までと全然違うこと言ったのは、それまであんまり考えて発言してなかったのかな、って感じ。知識と経験は全くない訳ではなさそうなんだけどね。
2日目,負傷兵シモン,狩人,少年…昨日の最後の灰雑書いたり占考察書けなかったりに生存意欲。少女…星投げはあるものの、雑感などの思考開示があまり見られない。修道女…ビックマウス、灰の中で一番狂人ぽい。パン屋…誰だっけ？。司書…誰に狼被せようか探してる感あるけど、なっとくできなくも。羊飼い…星回答で満足できたとは言えないが、うーん？
2日目,旅人ニコラス,村人,2日目>>336>>337でも訂正がころころ。考えてなさそうなのは印象いいんだけど、疑う割れることを過剰に怖がってるように見えなくもない。>>334の『メタっぽいから悔しい』これ、かなり要素取れそうな部分だと思う。ちなみにここ、僕は黒要素と見てるけどまとまったらまた後で理由言わせて貰うね。屋>>394☆尼は今日>>395が理由だと思う。妙は、昨日流し読みは白く見えたんだよね、今日は全然違ったけど
2日目,パン屋オットー,村人,ニコラス>>381『>>228の思考があるのに、妙に違和感を感じるまでの思考過程は分からない』開始から発言がなくて妙に少し疑いがあったこともあって、みんなから白い白いと言われてる理由がわからなかったからの違和感です。発言少なめな妙をかばって残そうとしてるのかなって思いました。
2日目,少年ペーター,村人,■1.まだ占いの色見れないので灰吊りで■2.統一占いでお願いします。
2日目,負傷兵シモン,狩人,>>365 パメラパッション。わりと黒出しに躊躇ない狂人な気がする。俺占うなら黒出しそうな感、長黒出しは迷いそうな気もするけど、って書くと狂人に見えてくるけどあの時点はパッションだった。ちょっと灰雑の言語化に苦しんでるので希望提出は遅れる。
2日目,村長ヴァルター,村人,あ、ペーターくんありがとうね…。もう方針は、【灰吊り・統一占い】で決まったから、吊り先・占い先の希望出しもよろしく頼むよ。
2日目,村長ヴァルター,村人,方針決定も遅れてしまったし、希望出しは23:45まで待ちたいと思う。本決定周りグダらなければいいのだが…、至らないまとめですまないね。
2日目,ならず者ディーター,霊能者,統一占いってパンダが出たら吊って色見るってことか？それだと占い決め打った頃には5人しかいないし色見で村吊ったら2縄2人外だが
2日目,羊飼いカタリナ,村人,◆シモンヌ昨日娘商から●に挙げられていたのでSGにされてる村っぽい。神狼の場合は考えてない。現状白視。◆リデル1d灰評が他人の言葉を借りてテキトーに繋ぎ合わせているように感じた。（>>232「誘導」>>233「流星群」から）それが修自身の語彙が少ない故か、やる気がなくテキトーに作った故か、修狼で思考歪ませて無理矢理作った故か？どれか判断できず。発言伸びていないようなので整理枠。
2日目,村長ヴァルター,村人,希望集計した結果、統一が多かったからそうしようと思ったのだが…、ディーターくんが反対なら自由にするかい？私は手順計算とか苦手だよ。
2日目,村娘パメラ,狂人,長>>392 順番了解したわ。兵>>400 了解したわ。【●妙○年】【▼修▽兵】で、提出しておきます。
2日目,羊飼いカタリナ,村人,◆リーザ2d灰雑は穿った目線がなく素直な性格だと感じる。ただ神に追従で狼いないね。狼知ってるから探せないのかなって思う私に対して疑い持ってないので、村仮定でも終盤残すと誰かに懐柔されそう。占い枠。◆ペータ2d占い考察の結論大体同じ。1d灰雑が私に影響されてる感じ。>>274屋評などから。妙と同じで村仮定でも終盤残すと誰かに懐柔されやすそう。占い枠だけど書による評に納得なので妙より白寄り
2日目,羊飼いカタリナ,村人,◆オットークララを頼れる人として挙げていた>>207>>208。その前にクララの雑感受けて反応してた>>170んで、自然な流れ。偽装ライン繋ぎに行った感じはない。妙長疑いへの流れは共感できたし自然だと思う。妙よりは疑い先明確だし終盤残っても自分なりに結論出せそう。占ってもいい枠。ちょっと旅書は後回し。【▼修▽妙　●妙○年】で提出。村長まとめありがと。方針確認してる。
2日目,神父ジムゾン,占い師,時間だが来ないぞどうしよう。フリーデル吊って白黒出てもあまり情報増えなそうで霊生存の時に吊るところかと迷う。しかしどうにかしないと困りそうだし、フリーデル占うくらいなら他を占っておきたいと考える。後に出したい思考ないアルビンは狼だと思うんだがな。▼アルビン▽フリーデル●ニコラス○リーザペーター>>369は、発表順許容とのパメラアルビンとあまり仲間っぽくない。微要素だけれど。
2日目,旅人ニコラス,村人,直近屋が色微妙かな、理由は喉の関係明日ね。昨日考察で白飽和したから今日黒要素取ってみたら、どこも黒いよ、屋妙年がピッタリ3狼はありえないだろうし、僕の考察あまり当てにしてほしくないね、割とショックだよ。灰吊り推してた身で堂々と言うけど、縄キツイね。ただ、だからと言って他にどうしようね。>>403今日も明日で1匹吊れば大丈夫、今日灰吊りなら明日占真贋重要なのは言わずもがな。
2日目,パン屋オットー,村人,占いだけ希望出しておきます。吊りはもう少し考えて希望出します。やっぱし妙が気になってしまってるので、【●妙○年】で！
2日目,負傷兵シモン,狩人,●年○▼修道女▽パン屋少女は寡黙吊り懸念なさげ+評価を気にしない自由感あるんだけど、少年は周りを気にする+生きたい感がある。そこ指摘されてSGにされそうな気もする。とりあえず第二希望妙司羊どうするか悩んでるのでこれで。吊りは整理吊り+狂人修道女狙い。
2日目,少年ペーター,村人,>>401長あ、すみませんww遅かったwwwえーっと、昨日の灰雑を参考にしながら出します▼妙▽屋⚫︎兵でお願いします
2日目,旅人ニコラス,村人,【▼妙▽年 ⚫︎羊⚪︎年】年両方入ってんじゃん！っていうのは、ペタどっち処理でもいいかなとか思ってるからだよ。黒狙わなくていいなら▼尼だね。理由は言わずもがなだけど、皆頑張ってるしね。占吊は大体今日の考察だけど、理由気になるなら明日聞いてね。羊占は流し読み直感なのは認める。 ジムは僕占って黒出ると思ってるのかとか僕の発言精査して欲しいとか思ったけど、ロックだから諦めるよ。ここに反応いらないよー
2日目,行商人アルビン,人狼,【●修○屋】【▼年▽妙】発言数少ない人と考えてこれで出します神>>409　順番ずらす発想がなかったので。狂人ならとりあえず白出しとけばいいだろうし順番はそれほど重要かな？と思ってます
2日目,負傷兵シモン,狩人,うーん、見直したけどやっぱり司書はSG探してる気がする。………あ、旅人視界から消えてた。やり直してくる。
2日目,司書クララ,村人,者>>403斑でも必ず吊るわけじゃないかと。進行次第かな。兵>>412潜伏狂とかどの程度考えてるの？てか、その時の占い内訳とか、開始時の初動とか見直して考えた上での発言？
2日目,ならず者ディーター,霊能者,パメラの>365に関して★パメラその質問にシモンはなんて答えると思った？
2日目,旅人ニコラス,村人,書といい羊といい>>416兵といい、僕の発言ちゃんと見てくれる人少ないのなんで？！みんな！僕の発言多いからめんどくさいとか思ってないよね！？僕泣くよ？僕実は、占いは考察は＝だけど、流し読み印象は神真娘狼商狂だったんだけど、>>415は微非狂人要素かな、なんて。神がやたら商吊りたがってるのも気になるし。>>416を言えるシモンを、私は村置き駄目だと思いながらとても村置きしてしまいたい。ここ村だろ
2日目,村娘パメラ,狂人,者>>418「こういう部分がご主人の検討がついてると感じた」とか、そこからどういう思考で「狂人目は低い」のか、具体的に返ってくるかなって思ってたわ。パッションだと言われてしまうとそれ以上はどうにも。
2日目,神父ジムゾン,占い師,>>412リーザは今日早めに灰雑感出しているから寡黙吊懸念なさそうとは思わないぞ。フリーデルには無さそうだが、そこまで含めてフリーダム演出にも見える。>>415自分で、>>415狂人は他の人の判定見てから出したくなるはずだと言っているんだが？>>414白く見えないから、他からのニコラス考察見たかったんだが具体的白要素説得もこないし俺が困っている。オットーの吊希望待ちながら見てる。＠３
2日目,負傷兵シモン,狩人, >>417 司書俺の入隊試験の得点数ぐらい現時点では何とも。修道女がネック。旅人…色塗るのが巧い危険。過激派思考停止型俺的にはもういっそ旅人司書羊吊ろーぜとかいってるけど、司書と羊は可愛いしもう少し眺めていたいので、●旅人○少年かな。
2日目,村長ヴァルター,村人,＼書娘羊神屋兵年旅商妙修l者長▼修修修修　修妙妙年　　l▽兵兵妙※　屋屋年妙　　l＼書娘羊神屋兵年旅商妙修l者長●妙妙妙旅妙年兵羊修　　l○屋年年妙年　☓年屋　　l※第一希望｢商｣だが、商は占い師のため第二希望の｢修｣繰り上げ。▼修(10pt)　妙(6pt)　●妙(9pt)　年(6pt)
2日目,村長ヴァルター,村人,【仮決定　▼修　●妙】占い判定は、(夜明け後できる範囲で早めに)ジムゾン→アルビン→パメラの順。(今日の発表の逆順)神の発表が何時になるかわからない分、商娘には負担があるかもしれない。すまないね。修は回避COあればどうぞ。
2日目,村長ヴァルター,村人,なんか表がズレとる。まぁわかるだろうしいいか。
2日目,少年ペーター,村人,>>390娘え、えーっと、どういう事ですか？見分けが付かないのなら下手に順番を変えるよりも同時出して良いと思うのですが・・・
2日目,パン屋オットー,村人,結論出ました。【●妙○年】【▼修▽兵】でお願いします。
2日目,村娘パメラ,狂人,年>>426ジムゾンさんが「同時出し出来ない」旨を何度か言ってるのだけど、見落としてるのかしら？
2日目,司書クララ,村人,仮なの？時間的に本決定でみとく。【本決定了解】旅>>419いや、すっごい読んでるけど喉的に無理。@1
2日目,村長ヴァルター,村人,シスターの回避COの可能性も考えて仮決定にしておいたよ。本決定は0時にする。
2日目,ならず者ディーター,霊能者,修年炒が吊られそうって感じだな。俺は年>修>炒で吊りたいかな。これも聞いておこう★パメラパメラが狼で占い騙った時、真狼目って言われるのと狂目って言われるのとどっちが嫌？
2日目,負傷兵シモン,狩人,>>421 神父あれ昨日じゃないの？ やる気が感じられないしそれを言うなら少年の方がアピール感あるような。あといたいけな少女吊るのは魅力的だけど縄の縛り方に悩むし成熟した凹凸のある体の方が映えるからまぁ疑念はあるんだけどさ【仮決定把握】
2日目,少年ペーター,村人,>>428娘え？あっ！！本当だ！見落としてました！ごめんなさい・・・そうなれば順番開示でおっけーですはい、【仮決定了解】です
2日目,羊飼いカタリナ,村人,【仮決定了解】ディータは、霊能結果は占い結果全部出た後に出してね！>>419ドンマイ
2日目,行商人アルビン,人狼,【仮決定把握】です
2日目,神父ジムゾン,占い師,>>421のアンカーは間違っていた。>>374>>419確霊いるんだから、狼だと思う対抗吊りたいよ。フリーデルよりアルビンの方が狼確率高いだろう。>>432リーザの灰考察は>>320>>321>>322でクララと同時間ぐらいだ。
2日目,羊飼いカタリナ,村人,◆クララ慎重でローリスクローリターン派な印象。>>346「個人的には今日神決め打ちでもいいけど外して負ける怖さわかるから強くは押さない」、>>388「個人的には自由希望だけど先を見据えたら統一占希望理由」辺りからそう感じた。ここらへん今後一貫性あるかどうかが見極めポイント。
2日目,村長ヴァルター,村人,【本決定　▼修　●妙】みんなセットを忘れないようによろしく頼むよ。
2日目,村娘パメラ,狂人,者>>431状況にもよるだろうし、陣営が勝てるならそれでいいとおもうわ。
2日目,羊飼いカタリナ,村人,【本決定了解】【投票先　シスターフリーデルにセットしてます】いまニコラスの発言よんでます
2日目,パン屋オットー,村人,【本決定確認】セット完了しました。
2日目,負傷兵シモン,狩人,>>436 神父中身が昨日でそっからの評価が不明。あれ、どういうこった？ うん再考しなきゃ………あ、占われるか。【決定了解】
2日目,神父ジムゾン,占い師,【仮決定了解】【本決定了解】フリーデルが回避確認できなかったが仕方ないか。
2日目,村娘パメラ,狂人,【本決定了解】セットしました。
2日目,少年ペーター,村人,【本決定把握】フリーデルさんはどこに行ってしまったのでしょう・・・
2日目,行商人アルビン,人狼,【本決定了解】です
2日目,少女リーザ,人狼,【本決定了解です】なんかふらふらしてて申し訳ないログ読んできます
2日目,村長ヴァルター,村人,お、リーザちゃんもきてくれたね。よかったよかった。
2日目,神父ジムゾン,占い師,>>442そういう意味か。理解した。しかし早期に灰考察は出してるから寡黙懸念がないとは思わない。内容が古くて薄いというのは同感だ。＠０
2日目,村長ヴァルター,村人,さて、私は明日の日の出を拝むことはできるのだろうか？正直言って村の行く末が心配だよ。私自身の手で狼をすべて捕まえることはできそうにないが、村のみんなならやってくれると信じているよ。
2日目,負傷兵シモン,狩人,村長の褌噛むなんて物好きな狼だな
2日目,村長ヴァルター,村人,そうだ、シモンくん昨日ノーパンと言ってなかったかい？さすがにこの時期にそれは寒いだろう。私のシャイニングホワイト褌をプレゼントしよう。
2日目,負傷兵シモン,狩人,いらん。リーザのなら遠慮なく貰うが。
2日目,村長ヴァルター,村人,シモンくん、さすがの私でもそれは引くよ。
2日目,村長ヴァルター,村人,さて、それじゃあ生きていたらまた会おう！
2日目,負傷兵シモン,狩人,いやリーザに黒いパンツは早いだろ
3日目,村長ヴァルター,村人,GJきてるううううぅうっほほほほーーいいぃい！私の寿命も伸びちゃったよーー！
3日目,羊飼いカタリナ,村人,GJだあ！！！！！！！！！！！！！！！！！これで勝つる。襲撃先考察は狩人透けに注意。
3日目,パン屋オットー,村人,GJきましたね！！！！
3日目,少年ペーター,村人,！！？？GJだぁ！！やったぁ！！騎士さんありがとう！あ！おはようございます！
3日目,神父ジムゾン,占い師,GJ！！これは俺に襲撃きたかもな。【リーザ人狼】戻ってきたタイミングが黒いなとは思ったが。
3日目,負傷兵シモン,狩人,GJなのか、村長の褌噛みたくなかったのか占い灰噛みたくなかったか………村長の褌噛みたくなかったんだろうな。
3日目,行商人アルビン,人狼,水晶玉むむむん！【少女は人狼】でした
3日目,村娘パメラ,狂人,GJ！！【リザちゃんは人間でした】けど対抗が
3日目,旅人ニコラス,村人,ナイスgj、昨日は喉足りなくてもんもんしながら見てたけど、修吊り希望出してた人は本当に狼吊るす気があるの？って超言いたかった2黒とか胸熱展開、僕的に妙は吊っとけば良いだろ位置だったんですけどね
3日目,ならず者ディーター,霊能者,朗報フリーデルが人狼ｗｗｗｗｗｗ
3日目,村長ヴァルター,村人,【判定確認】2黒1白か、なるほどね。そしてシスター狼も確認。これはあれかい、勝ったのかい？
3日目,少年ペーター,村人,え！？フリーデル人狼！？ってことはえっと、12>10>8>6>4>epの偶数進行5縄2w1k、しかもパンダって事ですか！
3日目,旅人ニコラス,村人,ごめん流石に笑った、わろたwwwwwwこれ妙狼ならwwwwww詰み状況wwwww
3日目,司書クララ,村人,【もろかく】なんか面白い事になってるけど、とりあえず寝る。お休みー。
3日目,村娘パメラ,狂人,者>>466それなら身内切りして判定割らないほうが狼として自然じゃないかしら。発表順は決まっていたわけだし、他占の結果は見えているのだから、不自然よ。
3日目,羊飼いカタリナ,村人,【リザ斑確認】これはなー。神真商狼娘狂のリザ狼に見えるなー。【▼妙　希望】これで提出しとく。【リデル狼確認】あらま。狼さんちょっとかわいそうになっちゃった。でもここで油断するとひっくり返されそうだから気を引き締めていこー！
3日目,村娘パメラ,狂人,>>471あああ名前認識間違えた恥ずかしいごめん無視してくださいごめん
3日目,負傷兵シモン,狩人,【もろかく】まじか、修道女狼か………少女についてはちょい悩み。SGにされた感もあるが@2wなら誤吊りしてもってのもある。とりあえず再考する。じゃ、足生やす作業に戻る**
3日目,村娘パメラ,狂人,【リデルさん狼確認しました】
3日目,神父ジムゾン,占い師,朗報過ぎて笑ったフリーデル狼なら霊襲撃の可能性もあるか。狩人は透けないように気を付けてくれ。
3日目,旅人ニコラス,村人,とりあえず今日考察いるのかな、.......もうビックリしたー夜明け前後言いたいこと沢山あったからそこらへん垂れ流しつつゆるくいきますおやすみ
3日目,行商人アルビン,人狼,【妙斑 修狼】確認ですこれは斑吊り占いロラってことですね
3日目,パン屋オットー,村人,【判定確認】フリーデル人狼でしたか！リーザは2黒1白、だと狼に見えますね。
3日目,羊飼いカタリナ,村人,昨日出せなかった灰雑投下◆ニコラス>>134「狂人は自由の方が動きやすいイメージ」とあるんで、最初からそれ思ってたんね。2d私への自由占い希望反発も納得>>182　神父の真アピ警戒>>197　羊書疑い→多弁を疑う傾向？あまり疑われてない人を疑うという村アピにも見える。が、1d占い希望【●年○屋】なのでそれにしては中途半端か。年も屋も占われそうなptじゃなかったし票操作の意図も感じられず
3日目,羊飼いカタリナ,村人,ニコラス全体的に素直に思ったことをそのまんま言ってる印象なんでまっ白視でいいや（めんどくなった寝るね**
3日目,少女リーザ,人狼,えっと　GJと私パンダ把握うわー…　私視点パメラさんしか真ないんだけど　うーんとりあえず私吊ってください　Mではないです
3日目,司書クララ,村人,あ、寝る前に。神商視点、残りの灰は白。娘視点灰に残り1黒。者はほぼお仕事終了です。お休みー。
3日目,羊飼いカタリナ,村人,離脱詐欺。パメラ>>464「けど対抗が」なんだろう？対抗の出す色に注目してるのは狂人要素かな？今度こそはおやすみ**
3日目,神父ジムゾン,占い師,これリーザ吊って占ロラでも縄足りるのか。狩人別に気をつける必要もなかったか（笑）▼リーザ●アルビンでセットしておく。就寝。
3日目,負傷兵シモン,狩人,やっぱりスカートの中気になるのでってのは冗談で、現在時▼少女。下手に狩人露出させる気はないんだが、村娘真で抜かれた後の@1w考えるのが面倒い。今日はどうやっても思考停止の日か。修道女狼とか………修道女のアレがなぁ………何のフリか訳わからなすぎて赤喉気になるわ。今度こそおやすみ**
3日目,村娘パメラ,狂人,「けど対抗が」両方とも黒出してるんだなって。白、吊られたくないんだけどパンダだししょうがないわね。
3日目,パン屋オットー,村人,▼妙●商 希望で。おやすみなさい〜**
3日目,神父ジムゾン,占い師,しかしアルビン狼でリーザ狼ならアルビンも黒判定なの妥当だと思っていたが、フリーデルも狼ならなんで黒出したんだろうな。パメラアルビン逆なのかとも過ったが、アルビン狂人でGJ出てる日に俺の判定見て黒出す可能性も薄いだろうしな。不慣れ陣営なだけなのかもしれないな。今度こそ就寝。
3日目,司書クララ,村人,おぱよー。娘真での詰み手順考えたけど、色々条件重なるから無理かな、たぶん。手順的にはお仕事終了な商神吊ってからの妙吊りだと思うので今日は【▼商】【●自由】希望。実際かなり思考停止気味。娘：真、妙：村、神：狼狂の考察や、妙娘の発奮がなければ▼商→▼妙→（終わらなければ）▼神って進行希望しとく。
3日目,司書クララ,村人,あー、でも娘真で▼商の霊判定見るよりは、▼妙の霊判定見る方が思考停止期間短くて済むかな。やっぱ【▼妙】にしとく。
3日目,司書クララ,村人,ニコニコ>>465結果リデル狼だったけど、仮に村でも素黒だと思うから、この村で後半残しておくのは危ないと思ったけどね。あと書くの忘れてたけど修>>236「初日はお弁当作っても」が狼臭かった。村意識なら「お弁当出来ても」が妥当かと。
3日目,神父ジムゾン,占い師,アルビンはまだ狂人の可能性もあるしな。リーザ吊ってる間に、俺とアルビンで相互占いしてパメラには灰占いしてもらえばいいと思う。
3日目,神父ジムゾン,占い師,>>483リーザの黒見ないとディーターの仕事まだ終わってない>>488それは俺真視での希望だな。ありがとう。でも、灰はパメラ真の時の占い先を考えてみたらいいよ。
3日目,羊飼いカタリナ,村人,>>487おーけー。パメラ真なら高確率で噛まれそうなんで、出来たら灰GSかLW予想を落としていってもらえると有難いなぁとかおもったり。リーザもね。あ、でも自由占いなら思考開示伏せた方がいいのかな？あと忘れてたけどアルビン◎(つ・（×）・(-ω-*)ﾓﾌﾓﾌ (唐突なプロネタ回収)鳩の電池がやばくて、また顔出すのだいぶ遅くなるかもごめんぬ
3日目,神父ジムゾン,占い師,フリーデル狼リーザ狼だから、パメラ狼なら昨日▼アルビン主張に乗って霊判定商白が出る方がいいように思える。>>323気が進まないけれど、ロラ始めるのが遅くなって縄が足りなくなるよりはいいのかな。俺>>341▼アルビン>>361 1,灰吊り、2,統一占い を希望世論は俺吊りなさそう。占ロラで狂人の自分が吊られるなら灰吊りよりいいが、アルビンを吊られたらまずいと考えたように見えるな。
3日目,神父ジムゾン,占い師,>>335シモン白だったから、>>226アルビンの何目線か引っ掛かったところは、兵白だと分かっている思考が漏れたと考える。>>341アルビン狼にとっても濡れ衣で予想外のおかしな疑惑がついてしまったことになり、それは俺から兵白が出れば払拭されるからな。シモンを占い先にしたかったんじゃないか？
3日目,神父ジムゾン,占い師,>>321リーザの占考察を見ると、アルビンよりパメラの方が仲間っぽいが。アルビン真は諦めて、パメラ真を残しただけなのかもしれないな。アルビン希望>>415【●修○屋】【▼年▽妙】発言数少ない人と考えてこれで出しますパメラ希望>>406【●妙○年】【▼修▽兵】で、提出しておきます。各個人と判定総合してもアルビン狼だと思える。商占セットのままいこう。
3日目,村娘パメラ,狂人,今日リザちゃんを吊って明日の霊結果で真占確定するとしても、私が襲撃されてしまうとそのぶん占えなくなるのね。それは不安だわ。そう考えると、私視点白のリザちゃんを残して、仕事終了している神商の1w1kを先に吊ってもらったほうがいい、とも主張できるわね。
3日目,神父ジムゾン,占い師,誰もいなくて寂しいと思ってたらパメラがいたよ。1w1kが分からない。村としてパメラ真を見てリーザ残すなら、吊り先は俺かアルビンしかないけど。
3日目,司書クララ,村人,神>>5001w=1Wolfe1k=1kyoujin娘真なら神商は狼狂のどちらかでしょ。あと、アンカー引くとき「>>500」じゃなくて「神>>500」とかにして欲しい。誰宛か一目でわからなくて読み辛いから。
3日目,神父ジムゾン,占い師,書>>501それは悪かった。誰かに宛てる時はそうしよう。1ホワイト1クロじゃなかった(笑)理解した。今日リーザ吊ってくれそうだったから、気乗りしないリーザ黒考察出してないけど、リーザ白を見て残したいという人いるなら説得はするつもりだから言ってほしいぞ。アルビン狼の黒判定出しだけが理解できない。
3日目,村娘パメラ,狂人,GS 【白】羊司≧旅＞屋年兵【黒】こんな感じかしら。うーん、もっとよく考えなくちゃね……。
3日目,羊飼いカタリナ,村人,鳩に餌あげたぽっぽー。神父>>502個人的に後学の為に聞いておきたいなーとか思うけど、無理には要求せぬ。アルビンリーザの2w仮定、今日の黒出しは戦略的にはメリットなさそうね。なので、リーザ「疲れちゃった。早く吊られたい。黒出していーよ」アルビン「おっけー」みたいな赤会話があったと妄想してる。
3日目,羊飼いカタリナ,村人,娘>>503ぱめらんGSありがと〜お願いしたらちゃんと出してくれるの嬉しい。
3日目,司書クララ,村人,うーん。修狼でしょ。妙娘が初日○修なのよね。これをどう見るか悩んでる。修妙娘ならLW&BWは修よねぇ。修がやりそうなライン切りと思うけど、露骨な感じもするしなー。
3日目,行商人アルビン,人狼,こんばんは占いを吊るのはわかりますが、この段階で相互占いはなにか意味あるんでしょうか？▼妙は確定ですけど
3日目,旅人ニコラス,村人,今日は妙吊りでいいかなーたぶん商>>507占い師の誰が狼か分かんないからだよ！
3日目,神父ジムゾン,占い師,羊>>502カタリナの後学にとかハードルが高い(笑)妄想始まってるからリーザ白とか考えてなさそうだし。商>>507オットーが●商とか言っていたから相互としたが、アルビンがパメラ占いたいならそれでもいいと思うぞ。俺とアルビンは、対抗片方占えば各自の陣営確定する。俺は狼判定見たいからどっち占うか考えてるってだけで、陣営確定するだけならどちらでもいいんだけどな。
3日目,パン屋オットー,村人,リーザはもうこのまま吊られてもいいの？白なら諦めずに頑張ってほしい！
3日目,パン屋オットー,村人,神父ソン>>509ごめんなさい、あの時神父はもう真だと思い込んでしまってて、、。もうちょっとよく考えてみます。
3日目,村長ヴァルター,村人,ぐっどいぶにん！えぶりわん！今日の方針だよ。■1　吊りはリーザちゃん、>>482で本人も自吊り発言しているし回避COもないだろうね。■2　神・商は相互占い(娘占いでも可)、娘は灰占いこれでいいだろうか？灰のみんなは娘真の可能性も考えて、今日の娘の占い先希望を出してほしいよ。
3日目,神父ジムゾン,占い師,屋>>511謝らなくていいよ。真視されてるのは嬉しいし。でも>>510リーザ白として頑張れと呼び掛けるなら、オットーもリーザ白と仮定しての考察も頑張って出した方がいいんじゃないかと思うぞ。アルビンの>>507見ると、黒出しセオリーだと考えて理解はしてなくて黒出しちゃっただけというのが解答かもしれないと思えてくるな。@7
3日目,羊飼いカタリナ,村人,わーい神父そんってあだ名がオットーにも伝染してるw神父そん>>509そこをなんとかー！と言おうと思ったけど決定出ちゃった。まぁ、またの機会に。【方針確認してるめぇ】リザ黒視の私が言うのもなんだけど、何か遺言があれば、お願いです。
3日目,村長ヴァルター,村人,あ、今日の流れを見た感じ▼妙が圧倒的だったからそれでいいかと思っただけだよ。私は独断するつもりはないし、異論があれば言ってほしいよ。
3日目,パン屋オットー,村人,神父ソン>>513リーザ白としての考察…難しいですね。今は黒にしか見えてないから、もし白なら何か言ってくれれば白として見ることもできるかなと思って。占い判定の後の発言があっさりしすぎていて、村の勝利を考える村人には見えず…。リーザ白でパメラ真と仮定したら誰が黒になるのか、考えてみますね！
3日目,パン屋オットー,村人,リナ>>514神父ソン 呼びやすくて気に入りました！
3日目,少女リーザ,人狼,帰ってきましたーパメラさんには申し訳ないけど狩人ではないので素直に吊られて情報おとしたほうがいいかなって思ってますただ明日は占ロラ希望です　▼商からで>>495カタリナさんGS　白　羊＞司≧屋旅≧兵年　黒　かなこの村の灰に白い人多すぎて…　黒がいないってつっこまれてたけど黒い人が見えない
3日目,羊飼いカタリナ,村人,パメラへの占い希望【●兵○屋】今日のGJは、霊能で起きた可能性が高いと考える。修黒を隠すため&初心者村故に鉄板護衛をしてる確率が高そうだから。GJ起きるリスクを承知の上でも修黒を隠したかったということは、灰LWが村に周知されて、吊りや占いが、狼狙いより整理思考に移るとヤバイと思われる位置にいる？となると、年兵屋が怪しい。
3日目,羊飼いカタリナ,村人,兵は1dに村全体から疑われてた中、修から雑殴りされてた。ライン切りにしては随分大胆な発想だけど…おふざけしてた修なら有り得る発想かもしれない。このライン切り説にかけて●兵。あとは屋年どちらでもいいけど、今日の夜明け後に発言に間がある屋が、1dリザに赤窓相談疑惑をかけた狼にしては迂闊なので、○年。
3日目,羊飼いカタリナ,村人,あとあと、この狼像で考えると、クララは候補から最も外れる存在。慎重派&整理吊りから遠い位置にいたから。襲撃先考察は黒い言われる予感がするけどしーらないwなお、なんちゃらブラフですから気にしないでください。
3日目,負傷兵シモン,狩人,修道女のアレなぁ………霊能噛み切って狂人視されたかったとしか思えん。で、吊られ位置でも占われ位置無さげなとこに1wいる気がする。なんか対抗占いとか出てるっぽいけど、今日抜かれた後そいつ視点の灰が見えなくなるから、出来れば灰占いして欲しいわ。つか少女吊り結果によっては無駄な気もしなくは無いしなぁ………灰の占い希望は今から議事録見返して考える。
3日目,ならず者ディーター,霊能者,まだログ読んでないけどジムゾン・アルビン・リーザのロラで残り2縄残るだろう。その2縄でパメラとその黒をロラ。これでいいと思うぜ。これで村が負けるパターンはパメラ真で黒を引けずに更に最後のグレランでも黒が吊れないときだけになるぜ。まあ、ジムゾン真だろうけど安全策だ。
3日目,羊飼いカタリナ,村人,リザつぁん>>518おかえりーんなんかパメラもリザも私に気を遣ってくれて最白に置いてくれたような…？まぁいいや、ありがとうね
3日目,村長ヴァルター,村人,シモンくんの言う対抗占いは、神と商の相互占いのことだろうか？神・商のどちらかが真なら、狼は修・妙・占い候補の1人で確定なので、神・商視点は灰に狼はいないよ。
3日目,負傷兵シモン,狩人,>>525 村長いや村娘の話。村娘相互の必要………あ、無いわ。あぁうん頭追いついた。
3日目,羊飼いカタリナ,村人,初心者だから鉄板護衛思考は誰しもに当てはまらないか。逆にどこ抜かれるのが1番まずいとか考えなくて躊躇わず変態する初心者も多そう。穴がありすぎですね私の妄想考察は。
3日目,司書クララ,村人,シモヘイは状況理解できてる？修は狼だからね？神真【修妙娘商】商真【修妙娘神】娘真【修？神商】の組合せだからね？神商視点で人外全露出だからね？神商視点で灰は全白だからね？
3日目,村長ヴァルター,村人,ああ、私の書き方が紛らわしかったかな？神・商にはお互い（もしくは娘）、娘には灰占いをしてもらうよ。神・商は相互占いでいいんだけど、神は占いで狼を引きたいみたいだからね。
3日目,負傷兵シモン,狩人,>>528 >>529 うん、何か相互=ぐるぐる占いに変換されてて村娘だけ灰占いの発想消えてたわ。理解した大丈夫。
3日目,羊飼いカタリナ,村人,あっ>>519間違えて希望出してる。【●兵○年】に訂正。でもぶっちゃけどこでもいいなって思ってる。
3日目,村長ヴァルター,村人,仮決定1時間前だから、方針の確認だよ。■1　【▼妙】■2　神・商は対抗占い、娘は灰占い昨日までと同様にpt制で集計するので、みんなは娘真の可能性を考えて、娘の占い希望先を提出よろしく頼むよ。カタリナくんの希望提出はちゃんと見てるよ。早い提出ありがとうね。
3日目,司書クララ,村人,娘が占うなら【●屋】かなぁ。寡黙狼対策で。
3日目,パン屋オットー,村人,妙白娘真として考えてパメラに占い希望出しますね。昨日の吊り希望でみたら、▼修にしてないのが年と旅だったので、●年で。旅よりは年占いたい感じです。
3日目,神父ジムゾン,占い師,【方針了解】吊り希望提出済み。俺が娘真時の占出すのは変な話だから出さない。今回の判定は更新後繋がり次第出そう。
3日目,ならず者ディーター,霊能者,【護衛誘導】パメラ鉄板
3日目,負傷兵シモン,狩人,•羊飼い○司書今日の展開考えるとなぁ………わりかしここしか考えられんのだが。少年パン屋SGにされそう枠。んー神父商人真なら問題無いし、疑いは晴らしておきたいかな。
3日目,旅人ニコラス,村人,んー出すなら消去法⚫︎年⚪︎羊であんまり議事読んでないから昨日までの印象でごめんねー！
3日目,ならず者ディーター,霊能者,あとこれも言っとかないと【パメラは白引いたら伏せ】
3日目,少女リーザ,人狼,【●年○兵】でおねがいしますううーん　黒っぽい要素はひろえてないけど白っぽい要素もひろえてない強くはおさないです
3日目,旅人ニコラス,村人,議事斜め読みしたけど羊は黒くなかったから、うーん、どごでもいいな....
3日目,負傷兵シモン,狩人,また旅人消えてた………毎度毎度どこ行ってるんだお前さん。
3日目,村長ヴァルター,村人,＼羊書屋兵旅妙l長●兵屋年羊年年l旅○年＿＿書＿兵l年年(8pt),兵(3pt)
3日目,村長ヴァルター,村人,【仮決定】【▼妙　●年】【パメラは白引いたら伏せ】　ディーターくんより
3日目,旅人ニコラス,村人,兵>>542ぼ、僕のこと空気にしないでよ！なんで印象に残ってないのー(めそめそ)
3日目,村娘パメラ,狂人,【仮決定了解しました】伏せっていうのは黙っていればいいのね？
3日目,旅人ニコラス,村人,羊>>480なんか誰もかたりんとかくららん疑ってなかったから、ここ狼なら大丈夫なのかな、ってのが僕の中にあった故かなーなんて
3日目,村長ヴァルター,村人,あ、私はパメラちゃんの白を伏せの理由がわからないから、詳しい人は教えてくれると村長うれしい。
3日目,旅人ニコラス,村人,【仮決定はーく】特に異論ないよ
3日目,旅人ニコラス,村人,僕もイマイチ分かんないや占い先伏せなら分かるけど
3日目,旅人ニコラス,村人,あ、分かった確占が占先伏せるのとおんなじだ占い先噛み懸念するなら占い先公開もしない方がいいと思うんだけど今回は別にいいかな
3日目,負傷兵シモン,狩人,羊飼い>>484 無理矢理村娘黒見せたい？>>520 無理矢理すぎね？>>527 誘導か？>>531 おい司書>>470 んー性格か。>>490 ここの意味あまり分かんない。少女吊りで概ね真偽つくからなぁ……村娘噛まれ>霊能噛まれ懸念。
3日目,負傷兵シモン,狩人,旅人>>541 えーまじかよあ、あんま喋ってないんでだよ。こいつか。やっぱり●旅人○羊飼いで。
3日目,行商人アルビン,人狼,【仮決定把握】私達の発表の順番はどっちでもいいですかね？よければ更新後すぐに出しますけれど
3日目,司書クララ,村人,シモヘイ>>537★わりかしここしか考えられない理由は何？
3日目,村長ヴァルター,村人,占い判定発表は、全員好きなタイミングで良いと思うよー。
3日目,旅人ニコラス,村人,兵>>553今日の僕やる気ないからね、ごめんねでも昨日まで一杯喋ってたのにシモンの視界に入らない僕ってねー
3日目,ならず者ディーター,霊能者,>458パメラの白が噛まれないようにするためだぜ
3日目,旅人ニコラス,村人,者>>558もし本当に娘白追うなら占先伏せいると思うけどどう？
3日目,神父ジムゾン,占い師,【仮決定了解】村>>548俺にも分からない。占先指定されてて白なら伏せだと、判定言わなかったらシモン白になるだけに思えるが。伏せるなら占先も自由にしないと意味は無さそうじゃないか？
3日目,旅人ニコラス,村人,>>559訂正×娘白→⚪︎娘真
3日目,負傷兵シモン,狩人,>>>555 司書村娘=真なら、修道女狂人で得するの誰かな、と。占われ位置でもなく吊られ位置でもないやつ。【把握】
3日目,司書クララ,村人,ニコニコ>>557シモヘイは割りと何も見えてないから大丈夫。
3日目,司書クララ,村人,だから修狼だよね？
3日目,旅人ニコラス,村人,書>>564たぶんかくれいうたがってるんだよ(適当)
3日目,負傷兵シモン,狩人,>>563 >>564司書酷いお前の胸の大きさ分かるし大丈夫だわ霊能噛み通ったら、流れ修道女狂人なってた気がすんの。
3日目,村長ヴァルター,村人,あー、パメラちゃんの自由占いにして占い先伏せたほうがいいのかな？知識の少ないまとめですまないね。
3日目,旅人ニコラス,村人,書>>564そうだね！パッション軸なかんじは受けてる
3日目,羊飼いカタリナ,村人,だ、だれが貧乳だってー？！？！
3日目,旅人ニコラス,村人,かたりん貧乳なの？知ってたけどー
3日目,負傷兵シモン,狩人,>>568いやあ照れるところで羊飼い白いのなんで？
3日目,旅人ニコラス,村人,しもへい>>566いや、たぶんなってないと思う
3日目,羊飼いカタリナ,村人,決定なんかよく分からないけどまぁ了解しとこうっと。パメラは好きなとこ占ってもいいと思うけど任せる。
3日目,司書クララ,村人,霊襲撃しても修潜伏狂なんてレアケ過ぎて誰も追わないと思うけど。シモヘイは猜疑心強すぎだよ。
3日目,旅人ニコラス,村人,しもしも>>571>>521の『襲撃先考察〜』ってのが目に入って、まぁここ白かなと
3日目,パン屋オットー,村人,【仮決定把握】パメラの占い先は自由になったのかな？了解です〜
3日目,神父ジムゾン,占い師,兵>>566フリーデル狂人説はわかるが、狼占２騙りを切っていたから、その流れはシモンの中だけなんじゃないか？クララに以前にも突っ込まれてただろう？
3日目,司書クララ,村人,シモヘイ>>571むしろリナのどこが黒く見えるのか興味ある。
3日目,旅人ニコラス,村人,流し読みだから超適当要素だけどね、とか喉無駄遣いしてたら無くなったまた明日〜
3日目,少女リーザ,人狼,【仮決定了解です】>>白ひいたら伏せ自由占のときですか　納得私はパメラさんの意思を尊重しますよとだけいっておきます
3日目,負傷兵シモン,狩人,>>574 >>577 司書 神父それは多分狐いないの忘れているからじゃね>>578 司書つ>>552>>575 旅人おけ、そこね。
3日目,羊飼いカタリナ,村人,なんか頑張って書いた考察よりなんとなくの感想で要素拾われることって結構多いよね、アルビンヌなら分かってくれると思う
3日目,神父ジムゾン,占い師,兵>>581そんな人はいないと思ってたがいたのだから世界は広いな俺もカタリナのどこが黒く見えるのかシモンに聞いてみたいぞ。
3日目,村長ヴァルター,村人,【本決定】【▼妙】ぐだぐだして悪いが、パメラちゃんは自由占いのほうがよさそうなので自由占いでおねがいします。
3日目,少年ペーター,村人,わ、わぁぁぁ勉強しながら寝ちゃってました！えっと、【仮決定把握】で、吊り希望はそこなんで大丈夫です！占いは⚫︎屋でお願いします
3日目,少年ペーター,村人,わぁぁぁぁぁぁえっと、【本決定把握】です先に出されるとは思いませんでした！
3日目,神父ジムゾン,占い師,>>552か。【本決定了解】更新まで今日はもう考えることもないし寝落ちそうで怖いぞ
3日目,行商人アルビン,人狼,【本決定把握です】羊>>582白黒はっきりわからないとそれほど重要じゃない所で黒要素と取っちゃうこととかあるので自戒しないと…あとどうでもいいですけどカタリナさんが拳銃構えてるようにしか見えません…
3日目,羊飼いカタリナ,村人,いやこっち>>575だよー本決定りょーかい。ペータお疲れ。
3日目,少女リーザ,人狼,【本決定了解です】村が勝てるよう墓下で祈ってますね
3日目,負傷兵シモン,狩人,【決定把握】まぁ、司書のバストサイズ考察も人狼考察も迷走してるのは事実なわけで。とりあえずリーザお疲れちゃん。またな。
3日目,羊飼いカタリナ,村人,アルビンヌ>>588いやアルビンヌの要素とりが間違ってるんじゃなくて、被害者？の立場として同じだなって。アルビンヌが1dにシモンヌの狐発言に即ツッコミ入れて両狼のキレ茶番疑惑かけられてたからさ。私が持ってるのは杖だけだよ〜@0
3日目,神父ジムゾン,占い師,本当だ。俺にも拳銃構えてるように見えてきた
3日目,司書クララ,村人,【本決定了解】ねむー。
3日目,神父ジムゾン,占い師,起きてる
3日目,ならず者ディーター,霊能者,よく考えたら狩人出してよかったのかｗこれで詰めれる
3日目,村長ヴァルター,村人,おやすみなさい。
3日目,ならず者ディーター,霊能者,あ、無理だったごめん
4日目,村長ヴァルター,村人,ん？嫌な予感がしてきた。
4日目,負傷兵シモン,狩人,うわ、無残か。何が起きた？
4日目,少年ペーター,村人,・・・えーっと？と、とりあえずおはようございますロックしてたから思考がおかしいです
4日目,羊飼いカタリナ,村人,え、パメラが噛まれるの？ネタ襲撃？
4日目,神父ジムゾン,占い師,襲撃なんで？(笑)【アルビン人狼】
4日目,旅人ニコラス,村人,>>592かたりん！僕この盤面じゃなきゃそんな要素取りしないよー！ちなみに僕も拳銃支持派
4日目,行商人アルビン,人狼,水晶玉むむむん！【神父は人狼】です
4日目,ならず者ディーター,霊能者,投了把握リーザ人狼
4日目,旅人ニコラス,村人,娘真は実はあまり考えてない
4日目,村長ヴァルター,村人,判定確認。GJ出るの予想した襲撃先だったのかな？
4日目,負傷兵シモン,狩人,おーけーすまん。【狩人CO】
4日目,神父ジムゾン,占い師,ここでネタ襲撃と言えるカタリナは凄いな。ネタ襲撃というか、もう詰んでるから村長みたいに驚かす為じゃないか？
4日目,旅人ニコラス,村人,結果把握、投了ではないと思うけどね【キューピッドCO】
4日目,羊飼いカタリナ,村人,>>604そうだよね、ニコラスならそうだって信じてたーなんか色々把握。とりまリーザパメラお疲れちゃん。
4日目,司書クララ,村人,【もろかく】まあ、リザ判定出たら詰みだからね。リザ、パメお疲れ様。
4日目,羊飼いカタリナ,村人,神父>>910あっなるほど。狼はエンターテイナーであるべきっていうものね。ここの狼さん方は偉いです！
4日目,少年ペーター,村人,あぁ、狩人だから違和感が当てはま、あぁっ！羊>>614未来にアンカー飛ばしてるけど・・・
4日目,ならず者ディーター,霊能者,本指定　アルビン明日来たらジムゾン吊り
4日目,神父ジムゾン,占い師,最後に一瞬パメラ真だったのかと驚かせてやろうとおもったんじゃないかな。今頃パメラも驚いてそうだが(笑)▼アルビンにセットして就寝。
4日目,負傷兵シモン,狩人,【決定了解】>>615 少年シモヘイへ
4日目,村長ヴァルター,村人,本決定了解ー。私結局最後まで生きとる。
4日目,羊飼いカタリナ,村人,ペータ君>>610の間違いだよいわせんな☆シモン、GJどこだったん？▼アルビンセット。
4日目,負傷兵シモン,狩人,>>619 村長褌噛みたくないからだろ
4日目,少年ペーター,村人,【本決定了解】っセット完了致しました！これより未来へアンカーを飛ばします・・・やっていいですか？
4日目,旅人ニコラス,村人,てかこれ村側完全勝利じゃない？
4日目,負傷兵シモン,狩人,>>620 羊飼い俺はディッキー一筋。
4日目,旅人ニコラス,村人,あ、商狼だったらの話だけど
4日目,村長ヴァルター,村人,シモンくん…、君なかなか厳しいね…。私ちゃんと綺麗に洗濯してるからね。
4日目,行商人アルビン,人狼,【もろかく】私吊りでもいいんですが一応▼神で
4日目,負傷兵シモン,狩人,>>623 旅人まぁ俺噛まれても明日神父でいいよね。ちょっとディッキー狂疑い始めたわ。どうしよう。
4日目,神父ジムゾン,占い師,村>>619おめでとう村長俺もまさか占い師で生きて国に帰れることになろうとは(笑)
4日目,村長ヴァルター,村人,兵>>628他みんな非霊してたはずだし、さすがにディーターくんは真だと思うよ…。神>>629ありがとう、ジムゾンくん。お互い生きて帰れそうでよかったね。
4日目,旅人ニコラス,村人,しもしも>>628僕も実は、ちょっと者は人間じゃないじゃないかと疑ってたんだ神>>629結局神父さん生きてたね
4日目,旅人ニコラス,村人,村長きっと、すごく真面目で素直な人なんだろうね
4日目,羊飼いカタリナ,村人,まぁ霊GJだよね。ニコラス賭けに負けて大損かな？なんか一気に男臭くなったな地上。はやく女の子に囲まれたい。
4日目,羊飼いカタリナ,村人,旅>>632それ私も思った。寝るかなー。おやすみー。
4日目,村長ヴァルター,村人,ﾊｯﾊｯﾊ。ニコラスくんもやっと私の魅力に気づいたかい？
4日目,負傷兵シモン,狩人,>>632 旅人褌しめてる男だから当然だろおやすみー**
4日目,村長ヴァルター,村人,なんということだ！ここにきて私の評価急上昇じゃないか！ということで私もニコラスくんからもらった最高級布団で寝よう。ぐっないと！**
4日目,旅人ニコラス,村人,羊>>633大損かと思ったけど、神父さん賭けに乗り気じゃなかったから払わなくてもいいかな？僕も羊毛布団で丸くなって寝る。おやすみー**
4日目,パン屋オットー,村人,寝落ちしてしまった。【判定確認】【本決定把握】▼アルビンセットしました。明日で終了だといいですね。
4日目,負傷兵シモン,狩人,今日の議題はパメラ>クララ>リーザ≧カタリナで提出じゃ、また後で**
4日目,羊飼いカタリナ,村人,おはめぇ◎(・（×）・)◎ノ議題なんてあったっけ。ニコラス>>638そうね、まぁそれでいっか！逆に神父の出世払いに期待できますねうふふ。
4日目,神父ジムゾン,占い師,起床。今日は本当にすることがないぞ襲撃は演出かと思ったが、詰んでるから偽確定で地上に残すのは悪いと考えたのかもしれないな。
4日目,羊飼いカタリナ,村人,まぁ実質エピ入ってるしね。それも有り得そう。パメラ偽確定劇場するタイプに見えなかったし。狼は考えることが多くて大変そうだなぁ〜
4日目,羊飼いカタリナ,村人,空が真っ青で気持ちいーなー。
4日目,羊飼いカタリナ,村人,ずっと
4日目,羊飼いカタリナ,村人,カタリナの
4日目,羊飼いカタリナ,村人,ターン
4日目,羊飼いカタリナ,村人,控えめずっターン成功いぇーい。何か面白いことないかなー。そうだ、街にでよう。
4日目,羊飼いカタリナ,村人,唐突に思い出してコメントするマン。ニコ>>547書羊疑いに根拠が特になかった辺りからその意図なんとなく透けてたわ。私も何となくの印象論で自分が白視されてるの見て、これって後で手の平クルーされるパターンだな、とか思ってたから、ニコラスからの疑いは逆に有難かった。もっと殴られて微妙な立場の灰として最終日生き残ってみたかったのよねー。
4日目,神父ジムゾン,占い師,初心者村だし、初回が整理吊り次回が斑吊りだから殴り合いみたいなのは期待しても無理じゃないか？ここからパメラ真だったとしても寡黙域が吊られて行くだけになりそうだ。
4日目,旅人ニコラス,村人,羊>>641確かに！これは布団たくさん買ってもらわなきゃ！ね？神父さん？？？(にっこり)>>649僕今まで黒！黒！黒！しか言われたことないからこんなに白視貰っていいのかなって思ってたよー心穏やかに過ごせて良かったけどね
4日目,旅人ニコラス,村人,神>>650僕この13人の中で本当に初めてやる人いるならすごいなーと思うけどね
4日目,司書クララ,村人,おぱよー。ニコニコは2日目考察見て黒いと思ったw灰に埋めてあるけどw
4日目,羊飼いカタリナ,村人,神父>>650でも普通村についていける気はしないんだよなーw悩ましい。ニコ>>651心穏やかに過ごせたの超同意ー。普段はそんなに黒い言われてるのかwララ>>653何それ見るの楽しみー。赤もどうなってるのか気になる木ー。
4日目,羊飼いカタリナ,村人,しかし村陣営全員生存勝利の平和な村でしたねー。(アルビン狼決めつけ)
4日目,司書クララ,村人,大したこと書いてないよwほんと一言だけね。
4日目,羊飼いカタリナ,村人,そーかw私も1d灰で長妙商or娘かなとか予想してたなーそういえば。
4日目,村長ヴァルター,村人,ぐっどいぶにん！えぶりわん！村のみんなが白く輝く中、1人圧倒的黒視を集めていた村長です。私も灰と赤ろぐ見るの楽しみだなぁ。
4日目,旅人ニコラス,村人,僕の黒要素表に落としてくれないくららんいけずーとか言おうとしたけど、一言ってことは直感とかかな
4日目,少年ペーター,村人,こんばんはー僕は赤ログより灰の方が気になりますね1dから黒い人が全く見えなかったです・・・
4日目,少年ペーター,村人,　　　し—-Ｊ
4日目,少年ペーター,村人,ぁ、なんでもないですっ！
4日目,司書クララ,村人,足かしら？
4日目,司書クララ,村人,ニコニコ>>659自由占いに猛烈に反対してたでしょ。自由で神に占われるのが嫌な狼っぽく見えてた。流れ的に神が占うのは明らかに旅だったからねwあとなんだろ、考察で黒要素の出し方が塗りっぽく見えるとか？
4日目,負傷兵シモン,狩人,灰喉足りないだろ………ぐだぐだ喋れないとか辛い
4日目,神父ジムゾン,占い師,シモンは表でも垂れ流してるんじゃないのか？(笑)
4日目,負傷兵シモン,狩人,あー、な。確かに大したこと言ってない笑まぁ日本語分かりやすく簡潔にしろって話だけどな、難しい課題だわ………神父のその表現力くれ
4日目,負傷兵シモン,狩人,短い１つの喉に情報が詰まりすぎて整理できないのと、まぁあと単純な感覚不足か。霊能真確だったから良かったけど、2-２なら普通に噛み放題だったと思うわ。
4日目,神父ジムゾン,占い師,書>>664そうだよな。かなり目立つ反対の仕方だったからかえって黒くないかもしれないとは過ったが、自由反対は黒くないが白くないと評した時の、そんなにロックされて疑われてて自由占先になると思ってなかったと冗談めかして挟んできた事の方がドス黒かった。
4日目,パン屋オットー,村人,こんばんは。僕は赤ログ気になります。修狼の作戦とか見てみたい。
4日目,村長ヴァルター,村人,そういえばあの時のニコラスくんはちょっと黒かったよねー。自由になったら神に占われるのは見えてただろうに
4日目,旅人ニコラス,村人,本気で占われないって思ってたのは僕だけのようです
4日目,神父ジムゾン,占い師,屋>>670狼メンバーを見ると作戦立案しそうなタイプがいなそうに思えるから、相談どうなってるのかは気になるな。
4日目,旅人ニコラス,村人,個人的には狂人やりたかったねぇ、羨ましい
4日目,神父ジムゾン,占い師,あれがなければ、●と○希望は逆にしてたかもしれないな。
4日目,パン屋オットー,村人,ペータ>>660と同じく1dから黒が全く見えず、、。修は黒とは思ってなかったけど、協力的じゃない感じがしたのと、謎な感じから吊りの希望出してしまった。
4日目,行商人アルビン,人狼,こんばんはいろいろ言いたいことはありますけどまだ言えません…
4日目,旅人ニコラス,村人,>>675それはないなぁ、僕黒かったし
4日目,村長ヴァルター,村人,神黒、商真の衝撃の展開が！
4日目,旅人ニコラス,村人,神狂だったら面白かったのにー！
4日目,神父ジムゾン,占い師,アルビンこんばんは。聞くのが怖い気がするが、じゃあエピに入ってから聞こう。
4日目,神父ジムゾン,占い師,村>>679さすが村長よくぞ気づいたシモンはまず役職構成を把握してくれ(笑)
4日目,パン屋オットー,村人,アルビンの言いたいことって何だろう。気になります！
4日目,行商人アルビン,人狼,あ、他の人がどうのではなく、ああするべきだったこうするぺきだったとかですね。別にもう話してもいいのかもしれませんけど
4日目,旅人ニコラス,村人,あ、あるびん！また40分後に聞かせて！
4日目,行商人アルビン,人狼,まあ今日私が吊られても続くんですけどね
4日目,神父ジムゾン,占い師,商>>684役職反省ならエピの方がいいかもな。本当はエピモードも控えた方がいいんだろうしな。墓下も話に混ざりたいかもしれない。
4日目,パン屋オットー,村人,明日終わってることを祈ります。終わったらたくさんパンを焼こう。
4日目,旅人ニコラス,村人,僕終わったら布団事業再開しなきゃ....
4日目,村長ヴァルター,村人,ふふ、私は今回の騒動を生き延びたということで村人からの評価がうなぎのぼり。これからも村長の座は安泰だろうね。
4日目,神父ジムゾン,占い師,>>686その時のカタリナの顔が見たいな
4日目,負傷兵シモン,狩人,>>神父はーい。そういや未だに足生えないわ、困った。とりあえず今日終わったらパンツ履こう。
4日目,旅人ニコラス,村人,とりま村長解任の署名集めていい？
4日目,村長ヴァルター,村人,やめて！！
4日目,村長ヴァルター,村人,さて、もうすぐだね。この村の運命やいかに…！
4日目,旅人ニコラス,村人,署名集めまーす！
4日目,旅人ニコラス,村人,to be continued...?
